Month,Primary Energy Consumed by the Residential Sector,Electricity Sales to Ultimate Customers in the Residential Sector,End-Use Energy Consumed by the Residential Sector,Residential Sector Electrical System Energy Losses,Total Energy Consumed by the Residential Sector,Primary Energy Consumed by the Commercial Sector,Electricity Sales to Ultimate Customers in the Commercial Sector,End-Use Energy Consumed by the Commercial Sector,Commercial Sector Electrical System Energy Losses,Total Energy Consumed by the Commercial Sector,Primary Energy Consumed by the Industrial Sector,Electricity Sales to Ultimate Customers in the Industrial Sector,End-Use Energy Consumed by the Industrial Sector,Industrial Sector Electrical System Energy Losses,Total Energy Consumed by the Industrial Sector
1973 January,1339.27,180.291,1519.56,371.524,1891.085,657.977,123.242,781.219,253.965,1035.184,2024.906,188.594,2213.5,388.634,2602.134
1973 February,1174.899,169.24,1344.139,310.563,1654.702,623.759,119.754,743.513,219.755,963.267,1839.332,186.266,2025.598,341.807,2367.405
1973 March,983.374,158.027,1141.401,308.108,1449.509,492.136,118.296,610.433,230.645,841.078,1924.235,190.614,2114.849,371.644,2486.493
1973 April,715.391,142.693,858.084,271.515,1129.599,363.393,113.86,477.253,216.652,693.905,1911.939,190.856,2102.795,363.159,2465.954
1973 May,535.914,135.883,671.797,281.772,953.569,288.63,117.568,406.198,243.793,649.991,2074.323,193.93,2268.253,402.14,2670.393
1973 June,366.934,153.428,520.362,341.091,861.453,226.461,128.668,355.129,286.045,641.174,1956.669,195.739,2152.407,435.154,2587.561
1973 July,306.868,184.667,491.535,414.401,905.936,196.228,139.958,336.186,314.072,650.257,2014.979,195.004,2209.983,437.597,2647.58
1973 August,313.317,193.604,506.921,433.819,940.74,204.22,141.977,346.197,318.135,664.332,2133.626,200.847,2334.473,450.048,2784.521
1973 September,342.204,191.787,533.991,360.162,894.153,208.169,142.112,350.281,266.875,617.155,2052.693,201.917,2254.61,379.184,2633.794
1973 October,448.425,161.072,609.497,327.213,936.71,264.373,129.858,394.231,263.803,658.034,2243.782,206.472,2450.255,419.444,2869.699
1973 November,711.988,147.334,859.322,298.802,1158.124,389.108,123.731,512.839,250.934,763.773,2265.523,199.373,2464.896,404.34,2869.236
1973 December,987.464,158.312,1145.776,330.613,1476.39,508.529,117.629,626.158,245.651,871.81,2222.26,191.312,2413.571,399.528,2813.099
1974 January,1235.945,180.421,1416.367,355.519,1771.885,631.87,120.804,752.673,238.042,990.716,1931.856,189.218,2121.074,372.852,2493.926
1974 February,1062.873,163.023,1225.897,297.921,1523.817,536.911,115.779,652.69,211.583,864.273,1866.928,186.975,2053.903,341.691,2395.594
1974 March,912.136,157.279,1069.415,315.534,1384.949,470.272,115.364,585.636,231.444,817.08,1917.252,190.438,2107.69,382.058,2489.747
1974 April,723.904,147.376,871.28,279.953,1151.233,373.79,114.209,487.999,216.951,704.95,1784.137,191.463,1975.6,363.7,2339.3
1974 May,500.171,140.251,640.421,302.317,942.738,265.331,117.768,383.098,253.854,636.952,1911.17,195.256,2106.426,420.883,2527.31
1974 June,369.658,158.989,528.647,326.354,855.001,213.921,127.622,341.543,261.967,603.51,1865.354,196.88,2062.234,404.132,2466.365
1974 July,318.421,182.68,501.101,425.831,926.932,194.741,137.243,331.983,319.916,651.899,1980.921,196.201,2177.123,457.35,2634.472
1974 August,297.214,193.458,490.672,414.648,905.321,196.811,141.677,338.487,303.663,642.15,2049.713,203.496,2253.209,436.163,2689.371
1974 September,341.18,180.658,521.838,327.678,849.516,213.859,138.301,352.16,250.851,603.011,2073.043,204.356,2277.4,370.663,2648.062
1974 October,484.835,150.688,635.523,312.758,948.281,281.762,125.696,407.458,260.887,668.345,2219.78,205.116,2424.896,425.726,2850.622
1974 November,645.39,145.593,790.983,310.103,1101.086,353.427,121.79,475.217,259.404,734.621,2124.172,195.081,2319.253,415.508,2734.761
1974 December,1016.87,172.346,1189.216,381.975,1571.191,526.565,125.082,651.647,277.222,928.868,2015.068,182.314,2197.382,404.067,2601.449
1975 January,1145.426,185.31,1330.735,383.646,1714.381,546.765,130.382,677.146,269.929,947.075,2077.542,193.155,2270.697,399.889,2670.586
1975 February,1090.754,172.288,1263.042,316.762,1579.805,522.317,125.812,648.129,231.313,879.442,1643.028,188.899,1831.927,347.303,2179.23
1975 March,997.785,164.59,1162.376,329.31,1491.686,467.955,125.211,593.167,250.521,843.688,1765.089,189.596,1954.684,379.34,2334.024
1975 April,865.717,153.565,1019.282,294.719,1314.001,421.169,121.517,542.687,233.212,775.899,1464.555,187.596,1652.151,360.029,2012.18
1975 May,526.079,140.895,666.974,299.307,966.28,260.027,123.524,383.551,262.405,645.955,1545.48,190.51,1735.99,404.705,2140.696
1975 June,368.304,157.068,525.373,335.934,861.306,204.983,136.279,341.262,291.471,632.733,1610.649,193.752,1804.401,414.391,2218.792
1975 July,318.568,185.358,503.926,413.426,917.352,186.913,147.303,334.217,328.548,662.764,1721.35,192.642,1913.993,429.673,2343.666
1975 August,303.802,196.734,500.536,431.895,932.43,188.711,150.743,339.454,330.93,670.384,1773.545,200.67,1974.214,440.535,2414.749
1975 September,341.999,186.703,528.702,331.31,860.012,206.459,147.349,353.808,261.474,615.282,1817.365,203.271,2020.636,360.709,2381.345
1975 October,443.56,147.585,591.145,301.732,892.878,247.362,131.093,378.455,268.016,646.471,2013.948,204.348,2218.296,417.783,2636.079
1975 November,582.293,144.289,726.582,290.738,1017.32,306.117,127.717,433.834,257.347,691.181,1910.744,202.258,2113.002,407.545,2520.547
1975 December,1006.009,172.349,1178.358,374.01,1552.369,500.577,130.895,631.473,284.052,915.525,2035.328,199.666,2234.995,433.29,2668.285
1976 January,1303.69,206.4,1510.09,433.806,1943.896,637.624,140.492,778.115,295.282,1073.397,1950.545,199.948,2150.493,420.247,2570.74
1976 February,1100.921,186.256,1287.176,339.179,1626.356,547.418,134.901,682.319,245.659,927.978,1672.467,201.904,1874.371,367.676,2242.047
1976 March,895.893,161.372,1057.265,330.779,1388.044,444.843,130.827,575.671,268.169,843.84,1723.448,210.088,1933.536,430.636,2364.172
1976 April,674.091,149.484,823.575,289.049,1112.624,338.629,126.527,465.156,244.658,709.814,1665.958,208.773,1874.73,403.691,2278.421
1976 May,522.575,140.852,663.427,286.562,949.989,275.27,129.299,404.569,263.057,667.627,1784.376,212.892,1997.269,433.126,2430.395
1976 June,403.688,151.433,555.121,338.983,894.103,225.495,138.5,363.995,310.032,674.027,1756.436,217.811,1974.247,487.57,2461.817
1976 July,333.04,184.348,517.388,409.795,927.183,195.51,154.366,349.876,343.147,693.022,1867.997,216.617,2084.613,481.526,2566.139
1976 August,305.673,196.893,502.566,421.319,923.885,199.457,155.807,355.264,333.4,688.664,1879.962,221.825,2101.787,474.669,2576.456
1976 September,336.311,183.467,519.779,339.615,859.394,208.28,152.945,361.225,283.115,644.34,1870.775,223.675,2094.45,414.043,2508.494
1976 October,484.198,153.526,637.724,318.617,956.341,267.2,138.219,405.419,286.85,692.269,2159.009,222.598,2381.606,461.963,2843.57
1976 November,827.672,160.318,987.99,350.98,1338.969,433.989,134.089,568.078,293.559,861.637,2085.053,219.082,2304.135,479.631,2783.766
1976 December,1204.077,194.865,1398.942,436.237,1835.179,597.931,141.971,739.903,317.826,1057.728,2189.515,217.67,2407.185,487.289,2894.475
1977 January,1488.04,224.365,1712.405,511.925,2224.329,700.204,149.26,849.464,340.561,1190.025,1998.814,213.508,2212.323,487.155,2699.477
1977 February,1244.153,210.993,1455.146,388.728,1843.874,586.869,142.5,729.368,262.537,991.906,1584.211,209.651,1793.862,386.255,2180.116
1977 March,869.111,174.602,1043.713,363.07,1406.783,421.332,137.383,558.715,285.677,844.392,1845.732,220.074,2065.806,457.625,2523.43
1977 April,630.341,152.406,782.747,307.823,1090.57,321.713,131.316,453.029,265.226,718.255,1734.924,220.2,1955.124,444.75,2399.873
1977 May,462.08,142.707,604.787,325.221,930.007,253.158,135.753,388.911,309.373,698.284,1870.302,227.74,2098.041,519.006,2617.047
1977 June,365.119,166.262,531.382,383.102,914.484,220.028,147.255,367.283,339.304,706.587,1906.127,229.166,2135.293,528.044,2663.336
1977 July,318.04,209.42,527.46,496.015,1023.475,202.907,162.743,365.651,385.461,751.112,1872.346,224.052,2096.398,530.671,2627.069
1977 August,311.161,213.905,525.066,478.659,1003.725,205.02,164.523,369.543,368.155,737.698,1972.83,230.058,2202.888,514.805,2717.693
1977 September,330.422,196.633,527.055,391.646,918.701,209.442,160.061,369.503,318.804,688.307,2014.842,230.183,2245.025,458.47,2703.494
1977 October,470.296,167.261,637.557,336.97,974.527,266.034,145.037,411.071,292.197,703.268,2105.633,230.514,2336.147,464.402,2800.549
1977 November,647.249,154.364,801.612,332.657,1134.269,342.389,135.901,478.29,292.87,771.16,2070.317,225.141,2295.459,485.185,2780.643
1977 December,1058.283,188.638,1246.921,428.346,1675.267,529.231,142.134,671.366,322.749,994.115,2125.448,221.673,2347.121,503.36,2850.481
1978 January,1232.305,224.871,1457.177,504.311,1961.487,594.992,152.16,747.152,341.243,1088.395,2106.98,224.793,2331.773,504.135,2835.907
1978 February,1236.943,220.344,1457.287,434.528,1891.815,601.511,148.882,750.394,293.603,1043.996,1749.541,209.705,1959.246,413.548,2372.794
1978 March,1038.126,200.561,1238.686,412.051,1650.738,525.259,144.019,669.278,295.887,965.165,1755.859,212.134,1967.993,435.829,2403.822
1978 April,675.086,161.715,836.801,318.271,1155.072,337.763,132.668,470.431,261.103,731.534,1786.882,217.996,2004.878,429.037,2433.915
1978 May,532.405,150.169,682.574,330.963,1013.537,281.076,134.694,415.77,296.857,712.627,1884.938,231.303,2116.241,509.777,2626.018
1978 June,375.832,173.439,549.271,387.153,936.424,220.432,152.919,373.35,341.348,714.698,1811.549,237.595,2049.144,530.363,2579.507
1978 July,325.162,210.681,535.843,477.921,1013.764,197.635,167.555,365.19,380.091,745.281,1926.644,232.03,2158.673,526.35,2685.023
1978 August,337.852,217.832,555.685,491.497,1047.181,210.276,169.731,380.007,382.966,762.973,1943.276,240.164,2183.44,541.883,2725.323
1978 September,346.006,211.489,557.495,408.653,966.148,212.651,168.115,380.766,324.842,705.608,1898.226,242.675,2140.901,468.912,2609.813
1978 October,470.243,174.38,644.624,353.376,998,270.211,150.517,420.728,305.018,725.746,2094.308,243.136,2337.443,492.706,2830.149
1978 November,673.031,161.115,834.145,349.876,1184.021,348.566,143.132,491.698,310.824,802.522,2080.091,237.823,2317.914,516.456,2834.37
1978 December,1017.61,194.682,1212.292,442.303,1654.595,508.741,148.878,657.619,338.241,995.86,2139.475,231.221,2370.696,525.317,2896.013
1979 January,1264.667,238.632,1503.298,539.239,2042.537,654.397,159.851,814.248,361.217,1175.465,2193.333,233.121,2426.454,526.787,2953.241
1979 February,1261.839,231.477,1493.316,458.248,1951.564,647.859,156.237,804.095,309.297,1113.392,1831.704,230.76,2062.465,456.829,2519.294
1979 March,949.668,202.379,1152.047,401.206,1553.254,503.577,149.812,653.389,296.994,950.383,1918.929,238.1,2157.028,472.02,2629.048
1979 April,685.282,170.87,856.151,331.21,1187.361,370.265,140.938,511.203,273.191,784.394,1784.628,238.649,2023.276,462.592,2485.868
1979 May,484.65,156.031,640.681,325.022,965.703,272.45,142.604,415.054,297.053,712.106,1970.248,244.975,2215.223,510.298,2725.521
1979 June,359.452,169.085,528.537,365.428,893.965,214.951,154.065,369.016,332.967,701.982,1917.636,245.388,2163.023,530.334,2693.357
1979 July,314.195,199.964,514.159,457.944,972.103,191.262,165.504,356.766,379.027,735.794,1946.853,242.197,2189.05,554.665,2743.715
1979 August,311.417,221.125,532.541,488.488,1021.03,195.268,171.581,366.849,379.04,745.889,2038.48,245.514,2283.994,542.366,2826.36
1979 September,318.485,203.707,522.191,395.179,917.371,201.5,166.036,367.536,322.1,689.635,1968.607,242.3,2210.906,470.048,2680.954
1979 October,437.786,168.911,606.697,360.236,966.933,262.234,152.589,414.823,325.427,740.25,2191.361,243.862,2435.224,520.085,2955.309
1979 November,631.953,169.293,801.246,360.046,1161.292,360.091,145.433,505.524,309.301,814.825,2152.02,238.089,2390.109,506.359,2896.468
1979 December,899.959,198.305,1098.265,434.824,1533.089,492.113,149.472,641.586,327.748,969.333,2208.277,229.617,2437.895,503.482,2941.377
1980 January,1063.204,224.649,1287.854,485.103,1772.957,562.333,156.679,719.012,338.33,1057.342,2144.751,230.419,2375.17,497.562,2872.732
1980 February,1075.443,220.122,1295.565,443.141,1738.706,557.517,154.999,712.515,312.038,1024.553,1875.116,233.749,2108.865,470.576,2579.441
1980 March,926.399,206.416,1132.815,422.566,1555.381,481.451,151.919,633.369,311.001,944.37,1943.262,235.721,2178.983,482.559,2661.542
1980 April,640.924,176.568,817.491,336.413,1153.904,338.642,142.615,481.257,271.723,752.98,1724.102,231.702,1955.805,441.46,2397.265
1980 May,460.466,155.925,616.391,332.06,948.451,249.923,142.149,392.072,302.722,694.794,1790.28,229.406,2019.686,488.545,2508.231
1980 June,356.143,178.335,534.478,397.19,931.668,208.376,155.634,364.01,346.629,710.639,1707.628,227.713,1935.342,507.166,2442.508
1980 July,296.382,234.101,530.482,557.685,1088.168,178.07,175.604,353.674,418.331,772.005,1692.571,223.592,1916.163,532.65,2448.813
1980 August,277.249,255.968,533.217,568.935,1102.152,172.546,183.406,355.953,407.653,763.606,1702.225,230.02,1932.245,511.26,2443.505
1980 September,300.257,231.91,532.167,449.765,981.932,193.379,178.485,371.864,346.151,718.015,1841.487,237.373,2078.86,460.359,2539.218
1980 October,433.995,184.296,618.291,379.366,997.657,264.514,158.253,422.767,325.758,748.525,2036.732,236.837,2273.569,487.52,2761.089
1980 November,644.357,172.439,816.796,373.293,1190.089,369.396,149.292,518.688,323.184,841.873,1973.686,230.696,2204.382,499.405,2703.787
1980 December,964.382,207.364,1171.746,454.301,1626.047,529.27,157.056,686.326,344.083,1030.409,2094.266,233.78,2328.046,512.174,2840.22
1981 January,1192.187,252.785,1444.971,525.272,1970.243,618.076,172.314,790.391,358.059,1148.449,1943.078,228.862,2171.94,475.561,2647.501
1981 February,1001.049,226.417,1227.466,410.362,1637.829,500.066,164.358,664.423,297.884,962.307,1574.541,230.006,1804.548,416.867,2221.415
1981 March,796.785,196.737,993.522,406.807,1400.329,405.748,158.015,563.763,326.739,890.502,1807.289,234.029,2041.318,483.919,2525.237
1981 April,535.409,173.718,709.127,351.59,1060.717,282.074,150.899,432.973,305.407,738.38,1629.282,232.488,1861.771,470.537,2332.308
1981 May,424.011,164.962,588.973,350.705,939.678,229.494,156.461,385.955,332.631,718.585,1751.602,234.453,1986.055,498.44,2484.495
1981 June,316.953,191.636,508.588,431.301,939.889,186.775,173.214,359.989,389.84,749.829,1666.254,244.44,1910.694,550.143,2460.838
1981 July,281.742,238.806,520.547,529.276,1049.824,168.205,190.542,358.746,422.306,781.052,1732.787,244.682,1977.469,542.3,2519.769
1981 August,276.109,239.86,515.969,504.392,1020.361,182.159,190.669,372.827,400.95,773.777,1762.502,245.698,2008.201,516.669,2524.87
1981 September,286.684,208.466,495.15,402.149,897.3,184.251,183.811,368.062,354.587,722.65,1766.677,242.289,2008.965,467.395,2476.361
1981 October,452.926,180.797,633.724,372.152,1005.876,268.472,166.992,435.464,343.735,779.199,1889.507,235.955,2125.462,485.689,2611.151
1981 November,598.64,177.305,775.945,367.228,1143.173,335.611,159.072,494.683,329.466,824.149,1783.153,225.743,2008.896,467.552,2476.448
1981 December,881.812,212.879,1094.691,466.712,1561.403,476.41,166.894,643.304,365.895,1009.199,1939.496,218.791,2158.288,479.674,2637.961
1982 January,1165.945,260.212,1426.157,556.224,1982.381,600.588,179.394,779.982,383.469,1163.451,1862.952,214.749,2077.701,459.043,2536.744
1982 February,1025.192,235.864,1261.056,424.83,1685.886,523.618,172.713,696.331,311.085,1007.416,1496.313,214.198,1710.51,385.806,2096.317
1982 March,850.443,206.419,1056.863,410.335,1467.198,446.83,166.135,612.965,330.255,943.221,1632.288,220.061,1852.349,437.453,2289.802
1982 April,683.342,187.379,870.721,359.507,1230.228,359.854,159.046,518.9,305.146,824.046,1514.959,214.01,1728.969,410.6,2139.569
1982 May,417.487,167.501,584.988,353.161,938.149,227.777,159.459,387.235,336.205,723.441,1468.422,213.182,1681.604,449.477,2131.081
1982 June,323.654,184.53,508.183,387.869,896.052,178.244,173.048,351.292,363.735,715.027,1483.846,217.291,1701.136,456.73,2157.866
1982 July,283.59,224.181,507.772,513.212,1020.984,165.295,187.595,352.891,429.457,782.347,1515.669,213.649,1729.318,489.101,2218.42
1982 August,277.113,238.519,515.632,509.163,1024.794,177.008,192,369.008,409.859,778.866,1568.22,216.001,1784.221,461.094,2245.315
1982 September,323.867,215.137,539.004,420.887,959.891,202.741,187.632,390.373,367.077,757.451,1532.765,204.652,1737.417,400.375,2137.793
1982 October,406.525,179.6,586.126,370.078,956.204,231.142,169.512,400.654,349.291,749.945,1673.007,207.553,1880.56,427.677,2308.236
1982 November,567.522,177.887,745.409,372.822,1118.231,310.526,161.813,472.339,339.134,811.473,1650.029,206.941,1856.97,433.715,2290.685
1982 December,822.372,211.892,1034.264,442.825,1477.089,441.024,168.702,609.726,352.563,962.288,1577.99,199.48,1777.47,416.884,2194.354
1983 January,1126.919,238.726,1365.646,488.405,1854.051,581.943,173.791,755.734,355.555,1111.289,1615.412,197.685,1813.097,404.438,2217.535
1983 February,906.205,221.912,1128.117,389.468,1517.585,476.219,167.44,643.659,293.866,937.525,1480.139,201.417,1681.556,353.499,2035.055
1983 March,822.105,201.007,1023.112,402.232,1425.345,436.145,164.087,600.232,328.352,928.584,1563.467,205.612,1769.079,411.448,2180.527
1983 April,658.629,192.041,850.67,356.038,1206.709,359.534,159.285,518.819,295.309,814.128,1504.064,206.591,1710.655,383.013,2093.668
1983 May,446.742,169.471,616.214,343.45,959.663,241.987,157.747,399.734,319.69,719.424,1523.076,214.031,1737.107,433.754,2170.862
1983 June,324.786,184.719,509.505,387.824,897.329,191.832,174.1,365.933,365.53,731.462,1481.246,225.711,1706.956,473.888,2180.844
1983 July,280.856,238.72,519.576,532.758,1052.334,180.519,196.026,376.544,437.476,814.02,1508.723,226.639,1735.362,505.796,2241.158
1983 August,280.232,267.413,547.646,580.919,1128.565,190.214,204.073,394.288,443.322,837.61,1546.287,237.514,1783.801,515.966,2299.768
1983 September,281.535,249.749,531.285,451.445,982.729,190.344,200.572,390.916,362.553,753.468,1528.938,237.537,1766.476,429.371,2195.847
1983 October,357.347,188.935,546.283,376.531,922.814,227.232,176.431,403.663,351.61,755.273,1547.961,235.168,1783.129,468.669,2251.798
1983 November,521.056,183.237,704.293,374.028,1078.321,308.66,166.923,475.583,340.728,816.311,1578.328,230.46,1808.788,470.422,2279.211
1983 December,827.164,226.305,1053.469,507.54,1561.009,456.209,175.962,632.171,394.634,1026.805,1591.542,229.346,1820.888,514.359,2335.247
1984 January,1217.642,285.095,1502.737,558.806,2061.542,631.1,193.909,825.009,380.076,1205.085,1877.588,226.865,2104.454,444.673,2549.126
1984 February,944.75,238.964,1183.714,428.311,1612.026,492.925,181.744,674.669,325.751,1000.42,1690.227,229.37,1919.597,411.115,2330.712
1984 March,878.47,217.874,1096.344,430.992,1527.336,464.696,178.814,643.511,353.725,997.236,1761.48,236.985,1998.465,468.797,2467.262
1984 April,680.173,192.949,873.121,351.607,1224.728,365.337,169.417,534.754,308.725,843.479,1702.742,234.822,1937.564,427.911,2365.474
1984 May,479.534,183.181,662.715,370.257,1032.972,263.224,173.934,437.158,351.567,788.726,1698.393,240.69,1939.083,486.499,2425.582
1984 June,337.586,205.208,542.795,433.272,976.066,194.272,192.689,386.96,406.837,793.798,1606.877,248.386,1855.263,524.436,2379.7
1984 July,298.467,243.079,541.546,509.227,1050.773,187.1,209.036,396.136,437.91,834.046,1631.033,244.326,1875.359,511.84,2387.199
1984 August,298.541,250.329,548.87,542.22,1091.09,198.508,208.219,406.727,451.007,857.734,1657.291,253.478,1910.768,549.039,2459.807
1984 September,312.717,230.88,543.597,423.538,967.135,206.296,204.602,410.898,375.332,786.23,1576.555,242.394,1818.949,444.659,2263.608
1984 October,376.911,191.551,568.461,385.499,953.96,233.577,187.961,421.538,378.275,799.813,1657.375,241.271,1898.645,485.562,2384.207
1984 November,556.191,193.531,749.722,394.657,1144.379,319.034,181.025,500.06,369.156,869.216,1593.778,233.595,1827.373,476.359,2303.732
1984 December,831.298,229.032,1060.329,465.268,1525.598,445.141,183.124,628.265,372.009,1000.275,1636.889,226.515,1863.403,460.155,2323.558
1985 January,1061.433,264.533,1325.966,574,1899.966,523.697,192.761,716.458,418.263,1134.721,1754.536,232.757,1987.293,505.051,2492.344
1985 February,1120.769,267.169,1387.938,468.594,1856.531,551.42,191.239,742.658,335.418,1078.076,1617.412,230.553,1847.966,404.373,2252.338
1985 March,816.543,219.119,1035.662,426.157,1461.819,410.668,181.243,591.912,352.495,944.407,1625.938,233.512,1859.45,454.151,2313.6
1985 April,598.168,191.873,790.041,359.609,1149.65,302.658,179.096,481.754,335.662,817.416,1598.646,237.004,1835.65,444.194,2279.844
1985 May,395.278,180.97,576.248,374.362,950.61,209.974,185.011,394.986,382.723,777.708,1607.304,242.873,1850.177,502.418,2352.594
1985 June,327.17,207.718,534.888,433.548,968.436,174.55,197.762,372.312,412.767,785.079,1541.478,242.702,1784.18,506.566,2290.746
1985 July,301.608,243.042,544.651,536.918,1081.569,175.012,214.361,389.373,473.557,862.93,1587.959,241.556,1829.514,533.634,2363.149
1985 August,301.992,252.381,554.373,537.855,1092.228,178.757,217.936,396.693,464.449,861.142,1608.71,247.244,1855.955,526.909,2382.864
1985 September,312.758,243.375,556.134,448.787,1004.921,186.536,214.218,400.754,395.02,795.774,1527.125,244.963,1772.089,451.715,2223.804
1985 October,404.569,196.976,601.545,398.529,1000.075,230.132,192.704,422.836,389.886,812.723,1626.3,239.471,1865.772,484.507,2350.279
1985 November,543.231,194.507,737.737,395.308,1133.045,296.679,186.661,483.341,379.363,862.704,1549.06,232.567,1781.627,472.66,2254.287
1985 December,969.107,247.239,1216.347,529.819,1746.166,493.705,198.291,691.996,424.925,1116.921,1715.791,229.863,1945.654,492.584,2438.238
1986 January,1096.939,282.854,1379.792,557.349,1937.142,560.441,203.972,764.412,401.916,1166.328,1795.28,229.286,2024.566,451.796,2476.362
1986 February,959.474,242.498,1201.972,435.483,1637.455,498.131,192.938,691.07,346.482,1037.552,1626.457,229.189,1855.646,411.582,2267.228
1986 March,835.4,223.252,1058.652,418.181,1476.833,427.095,185.39,612.484,347.259,959.744,1715.082,234.958,1950.04,440.108,2390.148
1986 April,564.726,193.616,758.342,360.686,1119.028,298.029,180.058,478.086,335.427,813.513,1589.326,234.133,1823.459,436.164,2259.623
1986 May,423.511,185.477,608.987,382.408,991.396,227.78,187.323,415.103,386.215,801.318,1610.92,238.666,1849.585,492.071,2341.657
1986 June,315.692,218.702,534.394,452.057,986.451,179.797,215.242,395.039,444.906,839.945,1529.603,238.305,1767.909,492.578,2260.486
1986 July,294.348,274.685,569.033,603.605,1172.637,174.993,230.861,405.854,507.305,913.159,1490.641,241.252,1731.892,530.137,2262.029
1986 August,294.801,274.887,569.687,548.788,1118.476,180.574,227.98,408.553,455.142,863.695,1527.692,240.984,1768.676,481.105,2249.781
1986 September,302.018,234.276,536.294,449.343,985.637,180.749,218.199,398.948,418.507,817.455,1477.793,243.295,1721.088,466.642,2187.73
1986 October,390.975,214.904,605.88,413.473,1019.352,225.434,202.802,428.237,390.189,818.426,1540.156,243.611,1783.768,468.705,2252.473
1986 November,564.304,200.256,764.56,415.415,1179.975,300.29,190.165,490.455,394.483,884.938,1487.758,228.721,1716.479,474.464,2190.943
1986 December,865.612,249.322,1114.934,504.614,1619.548,439.975,203.699,643.675,412.275,1055.95,1616.614,231.369,1847.983,468.277,2316.261
1987 January,1034.087,280.498,1314.584,565.795,1880.379,531.881,206.726,738.607,416.989,1155.596,1842.553,227.011,2069.564,457.907,2527.471
1987 February,942.036,250.794,1192.83,447.308,1640.138,491.511,198.164,689.675,353.439,1043.114,1643.498,226.079,1869.577,403.228,2272.805
1987 March,830.043,230.081,1060.125,447.523,1507.648,433.641,194.517,628.158,378.348,1006.505,1617.803,234.893,1852.697,456.883,2309.579
1987 April,603.738,204.96,808.698,389.233,1197.931,318.468,188.774,507.242,358.494,865.736,1626.147,235.443,1861.59,447.122,2308.712
1987 May,403.212,199.785,602.997,415.108,1018.105,223.59,201.992,425.582,419.693,845.275,1584.821,242.193,1827.014,503.221,2330.235
1987 June,313.497,235.167,548.664,499.52,1048.184,181.134,222.241,403.376,472.064,875.44,1603.798,250.696,1854.494,532.506,2387
1987 July,297.013,286.026,583.039,614.526,1197.566,183.712,240.418,424.13,516.538,940.668,1653.002,254.577,1907.579,546.957,2454.536
1987 August,283.891,301.084,584.975,621.759,1206.734,175.049,242.948,417.997,501.705,919.702,1624.998,258.164,1883.162,533.127,2416.288
1987 September,306.302,250.81,557.112,462.358,1019.469,197.385,228.848,426.233,421.872,848.106,1613.821,257.813,1871.633,475.267,2346.9
1987 October,449.573,207.808,657.382,404.093,1061.475,260.788,210.469,471.257,409.266,880.523,1685.962,253.405,1939.367,492.758,2432.125
1987 November,587.143,204.938,792.081,416.836,1208.917,323.664,197.664,521.327,402.039,923.366,1613.376,245.517,1858.893,499.371,2358.263
1987 December,874.267,249.649,1123.916,523.263,1647.179,453.839,205.995,659.834,431.765,1091.599,1774.702,242.5,2017.202,508.279,2525.481
1988 January,1169.925,305.654,1475.579,616.166,2091.744,577.087,220.937,798.025,445.386,1243.411,1757.964,242.417,2000.381,488.688,2489.069
1988 February,1036.19,273.98,1310.17,512.959,1823.13,529.505,213.546,743.051,399.811,1142.862,1729.833,245.015,1974.848,458.729,2433.577
1988 March,863.14,243.841,1106.98,482.623,1589.604,449.381,207.362,656.743,410.424,1067.166,1839.71,247.532,2087.242,489.931,2577.173
1988 April,609.177,209.635,818.812,401.799,1220.611,323.886,201.171,525.057,385.577,910.634,1625.201,245.165,1870.366,469.898,2340.263
1988 May,449.797,196.59,646.387,410.494,1056.881,247.315,203.542,450.857,425.012,875.869,1682.225,251.954,1934.179,526.099,2460.277
1988 June,322.275,234.854,557.128,509.063,1066.191,199.939,230.155,430.095,498.879,928.973,1661.613,260.398,1922.011,564.432,2486.443
1988 July,305.236,297.115,602.351,650.81,1253.16,202.47,251.366,453.836,550.598,1004.434,1665.054,260.566,1925.62,570.751,2496.371
1988 August,300.467,321.701,622.168,690.537,1312.705,209.104,259.685,468.789,557.42,1026.209,1769.361,271.858,2041.218,583.548,2624.767
1988 September,310.421,264.754,575.175,485.302,1060.478,201.787,241.115,442.902,441.971,884.873,1701.603,264.901,1966.504,485.571,2452.075
1988 October,449.246,217.733,666.979,429.199,1096.178,258.139,220.659,478.797,434.967,913.764,1798.936,261.442,2060.377,515.359,2575.737
1988 November,626.228,217.282,843.51,434.968,1278.477,336.623,207.649,544.272,415.685,959.957,1739.018,253.199,1992.216,506.869,2499.086
1988 December,915.548,263.322,1178.87,549.868,1728.738,458.935,217.92,676.855,455.061,1131.917,1819.302,254.405,2073.707,531.249,2604.956
1989 January,1049.03,290.773,1339.803,586.876,1926.679,516.028,223.368,739.395,450.829,1190.225,1775.021,254.305,2029.326,513.27,2542.596
1989 February,1011.174,267.131,1278.305,536.042,1814.348,504.822,215.613,720.435,432.663,1153.098,1663.522,249.48,1913.002,500.622,2413.624
1989 March,917.252,263.909,1181.161,536.501,1717.662,469.963,220.034,689.996,447.306,1137.303,1813.761,253.82,2067.581,515.991,2583.572
1989 April,630.569,221.127,851.695,431.13,1282.826,334.173,211.134,545.307,411.648,956.955,1681.499,255.44,1936.939,498.03,2434.969
1989 May,452.341,208.856,661.198,444.058,1105.255,248.751,215.879,464.631,458.99,923.62,1688.431,262.925,1951.357,559.016,2510.372
1989 June,339.721,244.974,584.696,513.7,1098.396,208.131,239.742,447.872,502.727,950.599,1696.785,270.632,1967.417,567.504,2534.921
1989 July,307.033,292.551,599.584,645.617,1245.201,196.502,256.513,453.015,566.086,1019.101,1679.323,269.378,1948.701,594.477,2543.178
1989 August,315.7,294.423,610.123,640.108,1250.231,207.804,258.478,466.282,561.961,1028.243,1756.633,276.975,2033.608,602.173,2635.781
1989 September,331.315,269.069,600.384,515.895,1116.278,206.011,248.707,454.718,476.854,931.571,1694.489,272.22,1966.709,521.936,2488.644
1989 October,445.027,222.625,667.653,459.708,1127.36,251.006,226.86,477.866,468.453,946.318,1798.696,270.774,2069.47,559.131,2628.6
1989 November,650.458,221.628,872.086,466.485,1338.571,347.468,217.23,564.699,457.23,1021.928,1754.729,261.797,2016.526,551.035,2567.561
1989 December,1122.778,292.583,1415.36,670.077,2085.437,555.126,233.082,788.207,533.807,1322.014,1813.837,260.602,2074.439,596.835,2671.274
1990 January,1019.255,325.686,1344.941,622.781,1967.722,527.082,238.267,765.349,455.617,1220.966,1824.826,256.567,2081.393,490.61,2572.003
1990 February,852.31,254.358,1106.669,487.149,1593.818,452.347,217.921,670.268,417.364,1087.632,1641.262,254.563,1895.825,487.542,2383.367
1990 March,749.883,245.477,995.36,502.299,1497.659,412.694,221.59,634.283,453.42,1087.703,1783.9,262.222,2046.122,536.561,2582.683
1990 April,571.679,222.557,794.236,442.741,1236.977,335.256,215.997,551.253,429.691,980.944,1758.596,260.205,2018.801,517.636,2536.437
1990 May,405.309,214.63,619.939,455.095,1075.033,249.096,225.694,474.791,478.556,953.347,1750.47,268.793,2019.263,569.942,2589.204
1990 June,307.164,252.025,559.189,556.814,1116.004,215.301,245.798,461.1,543.058,1004.158,1681.051,275.268,1956.319,608.168,2564.486
1990 July,272.302,309.945,582.247,671.344,1253.591,216.297,269.965,486.263,584.747,1071.01,1745.288,276.798,2022.086,599.547,2621.633
1990 August,278.467,301.963,580.43,668.795,1249.225,215.387,269.857,485.243,597.686,1082.929,1842.945,286.746,2129.691,635.092,2764.783
1990 September,286.253,293.992,580.245,571.928,1152.173,216.763,262.388,479.151,510.446,989.597,1753.007,278.412,2031.419,541.619,2573.037
1990 October,385.048,237.483,622.531,483.054,1105.584,253.462,240.079,493.541,488.335,981.876,1828.811,279.58,2108.391,568.682,2677.073
1990 November,565.081,226.778,791.859,454.937,1246.796,335.447,223.236,558.683,447.83,1006.513,1728.713,264.962,1993.675,531.537,2525.213
1990 December,860.825,267.857,1128.681,578.436,1707.117,463.743,229.361,693.104,495.305,1188.409,1760.204,262.003,2022.207,565.795,2588.002
1991 January,1105.401,320.418,1425.819,658.676,2084.496,574.387,241.193,815.58,495.814,1311.394,1864.662,260.215,2124.876,534.916,2659.793
1991 February,871.423,271.178,1142.601,496.448,1639.049,470.917,223.441,694.358,409.055,1103.414,1576.049,252.02,1828.069,461.374,2289.443
1991 March,779.399,252.126,1031.525,513.063,1544.588,421.006,222.103,643.109,451.967,1095.076,1659.925,255.457,1915.382,519.842,2435.224
1991 April,544.543,224.902,769.445,438.469,1207.914,319.494,219.131,538.625,427.217,965.842,1613.605,258.828,1872.433,504.61,2377.044
1991 May,382.771,229.568,612.34,494.115,1106.454,240.449,236.197,476.646,508.381,985.028,1626.078,274.315,1900.392,590.425,2490.818
1991 June,292.118,276.08,568.198,579.001,1147.199,202.987,258.966,461.953,543.109,1005.062,1632.598,275.453,1908.051,577.688,2485.739
1991 July,274.448,322.44,596.888,704.602,1301.491,214.764,273.4,488.164,597.439,1085.603,1719.011,279.322,1998.334,610.381,2608.715
1991 August,265.211,316.958,582.169,679.658,1261.826,200.541,275.411,475.952,590.568,1066.52,1772.304,287.095,2059.399,615.623,2675.022
1991 September,280.79,288.264,569.054,548.647,1117.701,203.697,264.035,467.732,502.533,970.265,1812.137,280.234,2092.372,533.364,2625.736
1991 October,396.616,236.279,632.895,481.435,1114.33,259.437,240.744,500.181,490.532,990.713,1859.068,277.642,2136.71,565.715,2702.426
1991 November,659.519,242.038,901.557,498.426,1399.983,359.313,228.856,588.169,471.28,1059.45,1781.703,267.273,2048.976,550.393,2599.369
1991 December,895.248,279.632,1174.88,579.297,1754.178,478.087,234.616,712.703,486.041,1198.744,1830.11,261.888,2091.998,542.537,2634.535
1992 January,1042.78,312.182,1354.962,646.182,2001.145,540.565,237.261,777.826,491.103,1268.929,1891.115,263.9,2155.015,546.244,2701.259
1992 February,913.846,280.428,1194.274,533.384,1727.658,476.834,227.837,704.671,433.354,1138.024,1720.004,262.36,1982.364,499.018,2481.382
1992 March,789.901,251.751,1041.652,513.516,1555.168,421.804,226.92,648.725,462.868,1111.592,1811.731,270.711,2082.443,552.192,2634.634
1992 April,614.524,233.589,848.113,462.334,1310.447,346.418,221.54,567.958,438.485,1006.443,1740.039,266.814,2006.852,528.094,2534.947
1992 May,409.078,221.075,630.153,456.577,1086.73,251.681,230.997,482.678,477.071,959.749,1739.096,275.695,2014.791,569.384,2584.175
1992 June,310.102,241.873,551.975,517.229,1069.205,204.739,247.244,451.983,528.714,980.697,1757.619,285.009,2042.628,609.473,2652.101
1992 July,281.546,302.609,584.155,673.073,1257.228,203.866,270.033,473.899,600.618,1074.517,1815.974,289.462,2105.436,643.832,2749.268
1992 August,268.034,301.724,569.758,636.581,1206.339,200.863,267.782,468.644,564.969,1033.613,1820.457,292.275,2112.732,616.646,2729.377
1992 September,303.646,271.462,575.107,543.621,1118.728,214.109,259.963,474.072,520.593,994.665,1769.855,285.981,2055.836,572.696,2628.532
1992 October,416.917,238.771,655.688,474.768,1130.456,257.072,242.646,499.718,482.472,982.19,1882.082,284.246,2166.328,565.19,2731.518
1992 November,635.278,239.221,874.498,493.745,1368.243,358.715,228.559,587.274,471.739,1059.014,1841.118,276.489,2117.607,570.664,2688.271
1992 December,964.663,298.739,1263.402,630.396,1893.798,513.578,239.442,753.02,505.27,1258.29,1889.574,265.958,2155.532,561.223,2716.755
1993 January,1068.704,319.969,1388.673,655.318,2043.991,533.046,244.958,778.005,501.692,1279.696,1808.863,263.689,2072.552,540.053,2612.605
1993 February,995.474,284.594,1280.068,554.438,1834.506,514.342,232.765,747.107,453.466,1200.573,1743.448,260.896,2004.344,508.269,2512.613
1993 March,931.346,283.389,1214.735,572.012,1786.747,485.416,238.058,723.475,480.513,1203.988,1893.934,271.128,2165.062,547.263,2712.325
1993 April,632.337,237.805,870.142,451.447,1321.589,349.978,228.113,578.091,433.047,1011.138,1731.824,269.219,2001.043,511.083,2512.126
1993 May,387.136,217.95,605.085,443.294,1048.38,232.378,234.762,467.14,477.49,944.63,1664.723,278.113,1942.836,565.663,2508.499
1993 June,309.449,261.311,570.76,561.395,1132.155,204.184,259.564,463.748,557.642,1021.39,1710.053,287.589,1997.642,617.85,2615.492
1993 July,277.073,344.84,621.913,760.302,1382.215,198.962,286.477,485.439,631.624,1117.063,1765.109,289.229,2054.338,637.691,2692.029
1993 August,275.475,348.783,624.258,757.173,1381.43,194.924,289.956,484.88,629.466,1114.346,1807.44,294.119,2101.558,638.502,2740.06
1993 September,291.173,303.396,594.568,574.034,1168.603,196.551,273.407,469.958,517.296,987.254,1817.903,283.922,2101.825,537.19,2639.015
1993 October,400.689,244.846,645.535,493.217,1138.752,239.576,250.109,489.685,503.82,993.504,1935.917,282.697,2218.614,569.464,2788.078
1993 November,638.631,248.109,886.74,520.469,1407.208,344.524,234.322,578.846,491.547,1070.393,1893.661,276.923,2170.583,580.912,2751.496
1993 December,933.695,299.201,1232.896,626.576,1859.472,475.649,246.262,721.911,515.713,1237.625,1891.736,276.562,2168.298,579.166,2747.464
1994 January,1216.71,354.089,1570.799,735.575,2306.373,611.808,256.533,868.341,532.915,1401.256,2002.397,274.574,2276.971,570.392,2847.363
1994 February,1073.813,305.954,1379.766,569.969,1949.736,556.439,241.62,798.059,450.12,1248.179,1839.576,266.004,2105.58,495.546,2601.126
1994 March,839.958,272.689,1112.647,549.815,1662.462,455.983,241.292,697.275,486.51,1183.785,1862.554,275.487,2138.041,555.455,2693.496
1994 April,554.173,237.141,791.314,461.178,1252.492,320.59,236.71,557.301,460.34,1017.641,1793.197,275.701,2068.898,536.167,2605.065
1994 May,398.719,229.183,627.902,479.742,1107.645,242.871,241.7,484.571,505.943,990.514,1752.067,285.426,2037.493,597.473,2634.965
1994 June,288.882,286.919,575.801,631.258,1207.059,208.089,277.415,485.504,610.349,1095.853,1778.697,296.482,2075.179,652.298,2727.478
1994 July,256.975,353.489,610.464,749.375,1359.839,201.86,297.189,499.048,630.021,1129.069,1827.947,296.358,2124.305,628.261,2752.566
1994 August,261.622,330.087,591.709,708.645,1300.354,197.453,293.058,490.511,629.15,1119.661,1869.411,306.272,2175.684,657.519,2833.202
1994 September,269.65,291.21,560.86,560.359,1121.22,192.408,278.061,470.469,535.057,1005.526,1854.619,298.925,2153.543,575.204,2728.747
1994 October,380.834,244.647,625.481,495.304,1120.784,241.673,257,498.673,520.315,1018.988,1931.84,294.495,2226.335,596.225,2822.559
1994 November,572.475,242.559,815.034,499.888,1314.922,328.338,242.952,571.289,500.698,1071.987,1844.558,286.02,2130.578,589.457,2720.036
1994 December,863.648,292.973,1156.621,603.274,1759.894,458.334,251.987,710.321,518.877,1229.198,1935.831,283.488,2219.319,583.744,2803.062
1995 January,1048.841,329.506,1378.347,662.498,2040.845,542.273,261.048,803.321,524.857,1328.177,1901.407,279.051,2180.458,561.055,2741.513
1995 February,978.559,295.858,1274.417,547.224,1821.641,523.884,248.134,772.018,458.954,1230.972,1796.398,270.587,2066.985,500.483,2567.469
1995 March,799.442,271.169,1070.612,533.82,1604.432,440.615,251.286,691.901,494.677,1186.578,1875.045,282.998,2158.043,557.106,2715.149
1995 April,591.194,233.974,825.167,460.943,1286.11,341.955,242.374,584.329,477.492,1061.821,1835.418,279.327,2114.745,550.291,2665.036
1995 May,407.983,239.119,647.102,501.837,1148.938,256.545,252.594,509.139,530.117,1039.256,1850.026,290.318,2140.344,609.286,2749.631
1995 June,291.221,287.351,578.572,591.449,1170.021,202.441,282.417,484.858,581.293,1066.15,1826.806,298.903,2125.708,615.225,2740.934
1995 July,255.469,354.918,610.388,795.547,1405.934,195.333,308.501,503.834,691.503,1195.337,1878.88,295.738,2174.617,662.894,2837.511
1995 August,242.491,392.05,634.542,871.924,1506.466,199.001,318.44,517.442,708.215,1225.656,1942.348,308.171,2250.519,685.376,2935.895
1995 September,265.644,320.387,586.031,610.078,1196.11,202.105,292.093,494.198,556.201,1050.399,1910.135,293.52,2203.655,558.918,2762.572
1995 October,366.656,254.891,621.547,510.817,1132.364,246.738,273.05,519.788,547.208,1066.996,1940.262,293.094,2233.356,587.377,2820.734
1995 November,683.058,262.473,945.531,528.807,1474.339,397.456,257.412,654.869,518.611,1173.479,1903.53,282.175,2185.705,568.501,2754.206
1995 December,1004.261,315.317,1319.579,650.514,1970.092,551.273,264.687,815.96,546.061,1362.021,1961.179,281.428,2242.607,580.599,2823.207
1996 January,1204.221,370.613,1574.834,730.461,2305.295,609.511,273.851,883.362,539.748,1423.111,2001.562,282.812,2284.375,557.41,2841.784
1996 February,1077.614,327.953,1405.567,605.244,2010.811,561.967,262.998,824.965,485.369,1310.334,1851.199,281.505,2132.704,519.524,2652.228
1996 March,932.836,296.981,1229.817,574.929,1804.746,494.44,261.745,756.185,506.716,1262.9,1985.812,289.636,2275.448,560.71,2836.158
1996 April,649.327,254.585,903.912,481.367,1385.279,371.506,249.653,621.159,472.041,1093.201,1844.66,280.366,2125.026,530.112,2655.138
1996 May,418.583,254.326,672.909,549.383,1222.292,256.882,266.404,523.287,575.473,1098.76,1877.81,295.661,2173.471,638.672,2812.144
1996 June,294.444,310.311,604.755,649.227,1253.982,203.598,293.523,497.121,614.105,1111.226,1903.552,302.009,2205.561,631.858,2837.419
1996 July,250.495,362.1,612.595,784.911,1397.506,194.809,309.905,504.714,671.77,1176.484,1915.965,302.286,2218.251,655.255,2873.505
1996 August,247.687,360.162,607.849,770.125,1377.974,192.773,317.629,510.401,679.178,1189.579,1982.602,309.776,2292.377,662.386,2954.763
1996 September,275.286,312.49,587.775,603.757,1191.532,196.344,298.883,495.227,577.468,1072.695,1882.857,301.557,2184.414,582.633,2767.047
1996 October,410.331,257.194,667.525,523.533,1191.058,257.387,275.711,533.097,561.224,1094.321,2101.031,302.425,2403.456,615.602,3019.058
1996 November,721.343,267.006,988.349,553.929,1542.278,402.01,262.755,664.765,545.11,1209.875,1976.395,290.464,2266.859,602.595,2869.454
1996 December,982.85,319.81,1302.659,643.745,1946.404,531.358,270.911,802.269,545.315,1347.584,1978.928,288.253,2267.181,580.225,2847.406
1997 January,1169.179,362.139,1531.318,706.54,2237.858,606.383,289.11,895.493,564.059,1459.552,2057.82,286.561,2344.382,559.086,2903.468
1997 February,968.575,307.935,1276.51,541.64,1818.151,526.205,267.482,793.687,470.486,1264.174,1846.188,278.898,2125.086,490.565,2615.651
1997 March,802.612,277.81,1080.422,545.599,1626.021,459.045,267.84,726.885,526.019,1252.904,1959.035,284.062,2243.096,557.877,2800.973
1997 April,603.569,248.198,851.767,470.987,1322.754,357.952,263.849,621.801,500.687,1122.488,1951.837,287.649,2239.486,545.85,2785.337
1997 May,424.481,241.496,665.977,498.688,1164.665,279.503,269.826,549.329,557.191,1106.52,1941.726,295.238,2236.964,609.666,2846.63
1997 June,291.111,285.191,576.302,598.253,1174.555,226.575,300.838,527.413,631.077,1158.49,1889.908,304.555,2194.463,638.874,2833.337
1997 July,252.862,373.038,625.9,827.314,1453.214,219.017,333.822,552.839,740.342,1293.181,1968.526,302.479,2271.005,670.83,2941.835
1997 August,245.281,364.98,610.261,783.528,1393.789,213.453,325.835,539.288,699.493,1238.782,1977.268,312.075,2289.343,669.953,2959.296
1997 September,258.714,323.463,582.177,641.213,1223.39,214.279,318.303,532.582,630.984,1163.567,1926.288,307.693,2233.981,609.952,2843.932
1997 October,384.298,287.024,671.322,563.191,1234.514,268.183,304.362,572.546,597.213,1169.758,2072.065,304.017,2376.082,596.536,2972.618
1997 November,676.333,272.938,949.27,550.688,1499.959,395.773,275.737,671.51,556.337,1227.847,1948.259,291.215,2239.474,587.565,2827.039
1997 December,954.102,326.692,1280.794,678.622,1959.416,528.237,285.842,814.079,593.766,1407.845,2043.403,287.886,2331.289,598.011,2929.3
1998 January,1033.171,349.869,1383.04,691.087,2074.127,560.506,290.779,851.285,574.369,1425.654,2011.904,282.945,2294.85,558.895,2853.745
1998 February,884.281,295.328,1179.609,536.101,1715.71,489.892,270.826,760.718,491.623,1252.341,1804.961,283.05,2088.012,513.814,2601.825
1998 March,844.341,293.384,1137.725,592.474,1730.199,465.839,281.204,747.043,567.877,1314.92,1937.048,289.62,2226.668,584.873,2811.541
1998 April,559.414,253.153,812.568,490.031,1302.599,336.448,273.999,610.447,530.383,1140.83,1884.362,288.889,2173.25,559.204,2732.454
1998 May,362.932,264.492,627.424,581.375,1208.799,248.481,293.676,542.157,645.524,1187.681,1873.726,306.029,2179.756,672.677,2852.432
1998 June,276.786,335.893,612.679,734.726,1347.405,207.783,324.057,531.841,708.838,1240.678,1819.634,307.596,2127.231,672.831,2800.062
1998 July,248.525,414.463,662.988,919.747,1582.735,211.184,349.65,560.833,775.917,1336.751,1951.535,304.17,2255.705,674.991,2930.696
1998 August,236.943,410.353,647.296,882.728,1530.024,213.719,356.008,569.726,765.823,1335.55,1988.766,319.356,2308.122,686.981,2995.103
1998 September,233.285,363.859,597.143,727.811,1324.955,203.368,341.811,545.179,683.711,1228.89,1908.853,306.433,2215.285,612.944,2828.23
1998 October,347.994,296.24,644.234,586.29,1230.523,250.641,309.603,560.243,612.736,1172.979,1995.471,301.349,2296.82,596.401,2893.22
1998 November,560.867,262.785,823.652,512.773,1336.426,346.571,290.124,636.695,566.12,1202.815,1882.754,298.696,2181.451,582.847,2764.298
1998 December,822.842,316.113,1138.955,651.422,1790.377,469.507,296.252,765.759,610.494,1376.253,2018.455,298.571,2317.027,615.273,2932.3
1999 January,1170.27,379.481,1549.751,772.668,2322.419,597.186,302.799,899.985,616.536,1516.521,1939.507,283.715,2223.222,577.678,2800.9
1999 February,913.006,295.838,1208.843,578.077,1786.92,508.705,281.83,790.536,550.706,1341.242,1746.323,277.902,2024.224,543.03,2567.254
1999 March,889.203,305.203,1194.405,629.173,1823.578,489.861,290.401,780.263,598.66,1378.923,1877.12,292.757,2169.877,603.516,2773.393
1999 April,579.62,263.696,843.316,548.462,1391.778,338.792,284.198,622.99,591.104,1214.094,1841.954,292.799,2134.753,608.992,2743.744
1999 May,369.811,263.242,633.053,583.146,1216.199,244.002,297.852,541.854,659.815,1201.669,1826.864,305.356,2132.221,676.44,2808.661
1999 June,279.467,327.263,606.73,710.492,1317.222,208.166,331.501,539.666,719.692,1259.358,1850.43,311.262,2161.692,675.754,2837.447
1999 July,244.008,420.104,664.112,941.473,1605.586,197.128,367.677,564.805,823.982,1388.787,1891.538,317.148,2208.687,710.744,2919.431
1999 August,238.411,422.951,661.361,917.864,1579.225,202.496,360.416,562.912,782.155,1345.067,2001.075,317.077,2318.152,688.102,3006.254
1999 September,257.184,355.034,612.218,673.793,1286.012,199.997,339.611,539.608,644.523,1184.132,1984.003,309.638,2293.641,587.639,2881.28
1999 October,389.068,281.849,670.917,556.241,1227.157,256.893,315.663,572.555,622.974,1195.529,1981.761,306.529,2288.29,604.948,2893.238
1999 November,549.716,267.12,816.835,529.416,1346.251,331.304,291.281,622.584,577.302,1199.886,1913.264,301.804,2215.068,598.158,2813.226
1999 December,893.3,324.698,1217.998,653.22,1871.218,478.195,303.008,781.203,609.586,1390.789,1992.449,294.648,2287.097,592.767,2879.864
2000 January,1126.846,373.587,1500.433,806.762,2307.195,576.447,313.382,889.829,676.75,1566.579,1882.843,293.392,2176.235,633.582,2809.817
2000 February,1001.81,335.897,1337.708,670.476,2008.183,532.042,302.355,834.396,603.522,1437.919,1856.14,288.692,2144.832,576.251,2721.082
2000 March,749.506,288.809,1038.315,617.389,1655.704,446.45,303.867,750.317,649.579,1399.896,1900.76,301.275,2202.036,644.039,2846.074
2000 April,565.079,260.091,825.171,542.871,1368.041,338.887,293.801,632.688,613.231,1245.919,1791.005,294.928,2085.933,615.583,2701.517
2000 May,368.089,284.446,652.535,654.836,1307.371,255.714,323.776,579.49,745.379,1324.868,1930.221,308.999,2239.219,711.36,2950.579
2000 June,275.653,354.768,630.42,764.597,1395.018,213.765,351.925,565.691,758.472,1324.162,1886.095,314.537,2200.632,677.891,2878.523
2000 July,248.326,407.65,655.976,882.615,1538.59,204.082,367.531,571.614,795.753,1367.367,1874.493,306.72,2181.214,664.089,2845.303
2000 August,259.841,422.301,682.142,912.21,1594.352,229.227,382.602,611.829,826.456,1438.285,1996.838,321.844,2318.682,695.213,3013.895
2000 September,277.435,370.36,647.795,699.202,1346.997,222.357,355.024,577.381,670.248,1247.629,1905.143,309.124,2214.267,583.595,2797.862
2000 October,398.523,296.27,694.792,581.306,1276.098,263.549,327.999,591.548,643.561,1235.108,1935.604,305.093,2240.697,598.618,2839.314
2000 November,685.89,288.369,974.26,582.863,1557.122,388.596,312.133,700.728,630.894,1331.622,1839.675,299.186,2138.861,604.726,2743.588
2000 December,1199.751,386.079,1585.83,790.16,2375.99,606.3,321.296,927.597,657.574,1585.171,1921.951,287.394,2209.346,588.189,2797.535
2001 January,1259.596,433.597,1693.193,857.428,2550.621,635.219,340.253,975.473,672.843,1648.316,1895.969,285.127,2181.096,563.832,2744.927
2001 February,1011.579,340.776,1352.355,645.691,1998.046,533.749,306.046,839.795,579.888,1419.683,1730.298,280.838,2011.136,532.124,2543.26
2001 March,910.114,316.689,1226.803,659.545,1886.348,483.607,315.459,799.067,656.985,1456.051,1872.883,285.218,2158.101,594.003,2752.104
2001 April,568.712,281.279,849.991,569.031,1419.022,341.863,304.337,646.2,615.676,1261.876,1809.626,280.657,2090.283,567.772,2658.055
2001 May,342.442,278.95,621.392,605.271,1226.662,233.346,328.045,561.391,711.798,1273.188,1791.685,293.696,2085.381,637.267,2722.648
2001 June,269.232,339.187,608.419,731.521,1339.94,202.324,357.539,559.863,771.1,1330.963,1720.879,291.015,2011.893,627.629,2639.523
2001 July,250.32,411.812,662.131,903.733,1565.864,201.727,380.44,582.168,834.888,1417.056,1787.366,283.744,2071.111,622.686,2693.796
2001 August,243.012,440.796,683.808,946.243,1630.051,204.279,394.923,599.201,847.769,1446.97,1855.73,296.115,2151.845,635.661,2787.506
2001 September,249.247,361.523,610.77,694.457,1305.228,208.387,364.794,573.181,700.741,1273.921,1763.123,281.939,2045.062,541.583,2586.645
2001 October,390.663,291.469,682.131,601.572,1283.703,263.894,336.245,600.139,693.987,1294.126,1905.81,283.665,2189.476,585.467,2774.942
2001 November,535.337,275.684,811.021,570.58,1381.601,317.443,313.344,630.787,648.523,1279.31,1799.194,272.444,2071.638,563.873,2635.511
2001 December,834.935,328.121,1163.056,708.779,1871.835,458.221,320.621,778.842,692.58,1471.422,1771.224,265.972,2037.196,574.53,2611.725
2002 January,1058.734,398.835,1457.569,800.156,2257.725,548.696,325.491,874.187,653.011,1527.198,1880.37,266.956,2147.326,535.576,2682.902
2002 February,922.854,329.575,1252.429,629.501,1881.93,497.36,302.478,799.838,577.745,1377.582,1681.872,266.339,1948.211,508.717,2456.929
2002 March,866.574,325.227,1191.801,674.48,1866.281,468.07,311.361,779.431,645.723,1425.155,1822.159,274.534,2096.693,569.348,2666.041
2002 April,564.187,291.411,855.598,593.471,1449.068,340.811,311.725,652.536,634.841,1287.377,1793.402,275.521,2068.923,561.11,2630.032
2002 May,393.337,297.931,691.268,621.627,1312.895,260.364,331.295,591.658,691.24,1282.898,1822.282,288.177,2110.459,601.276,2711.735
2002 June,276.329,365.664,641.993,779.249,1421.242,207.179,356.356,563.535,759.414,1322.95,1778.708,287.928,2066.636,613.589,2680.225
2002 July,242.446,456.167,698.613,970.902,1669.515,201.793,392.282,594.075,834.931,1429.006,1867.202,300.676,2167.877,639.956,2807.833
2002 August,234.95,458.342,693.292,952.22,1645.512,201.13,392.416,593.546,815.256,1408.802,1857.279,301.159,2158.438,625.666,2784.104
2002 September,245.059,395.222,640.281,775.783,1416.064,205.287,374.711,579.998,735.521,1315.519,1778.99,287.789,2066.779,564.903,2631.682
2002 October,411.34,322.541,733.881,640.885,1374.767,277.813,358.852,636.666,713.036,1349.702,1829.016,286.554,2115.571,569.381,2684.951
2002 November,672.783,303.062,975.845,633.705,1609.551,387.543,320.954,708.497,671.118,1379.614,1812.815,271.955,2084.77,568.662,2653.432
2002 December,1019.267,372.817,1392.084,786.138,2178.222,535.717,331.94,867.657,699.943,1567.6,1776.826,271.104,2047.93,571.661,2619.591
2003 January,1236.861,424.019,1660.88,878.172,2539.052,658.084,336.278,994.362,696.455,1690.818,1846.197,275.786,2121.982,571.171,2693.154
2003 February,1129.374,378.518,1507.893,717.252,2225.145,602.572,311.307,913.879,589.894,1503.773,1753.467,271.311,2024.777,514.105,2538.882
2003 March,892.639,339.703,1232.342,675.241,1907.583,497.647,315.882,813.529,627.89,1441.419,1785.497,278.959,2064.457,554.498,2618.955
2003 April,583.441,284.725,868.166,564.247,1432.414,348.805,306.004,654.81,606.416,1261.226,1755.515,283.393,2038.907,561.606,2600.514
2003 May,392.458,299.589,692.046,618.856,1310.902,255.539,326.934,582.473,675.342,1257.815,1730.028,288.721,2018.748,596.406,2615.154
2003 June,282.961,345.587,628.548,712.949,1341.497,205.085,349.414,554.498,720.843,1275.341,1690.925,294.148,1985.073,606.829,2591.902
2003 July,252.265,445.859,698.124,920.628,1618.752,205.262,393.175,598.436,811.843,1410.279,1820.697,299.343,2120.04,618.095,2738.135
2003 August,239.265,458.804,698.069,946.076,1644.144,202.393,396.558,598.951,817.721,1416.672,1821.301,308.91,2130.211,636.986,2767.197
2003 September,266.233,388.453,654.686,733.836,1388.522,212.299,363.285,575.584,686.291,1261.875,1771.756,292.347,2064.102,552.28,2616.382
2003 October,392.201,306.332,698.533,615.493,1314.026,260.955,341.324,602.278,685.799,1288.077,1829.888,296.782,2126.67,596.303,2722.973
2003 November,588.232,295.679,883.912,619.148,1503.06,343.493,315.967,659.46,661.631,1321.091,1761.768,283.755,2045.523,594.179,2639.701
2003 December,978.066,385.842,1363.908,800.902,2164.81,505.718,333.931,839.649,693.15,1532.799,1872.97,280.765,2153.735,582.791,2736.527
2004 January,1239.8,433.738,1673.538,891.124,2564.662,641.353,338.747,980.1,695.963,1676.063,1863.981,275.768,2139.749,566.571,2706.32
2004 February,1094.953,383.727,1478.68,754.26,2232.94,595.311,319.628,914.938,628.265,1543.203,1824.637,271.826,2096.462,534.304,2630.767
2004 March,790.712,337.608,1128.32,664.318,1792.638,456.435,325.269,781.704,640.039,1421.742,1874.889,284.314,2159.203,559.45,2718.652
2004 April,544.824,291.306,836.13,570.208,1406.338,339.743,319.131,658.874,624.672,1283.546,1826.424,284.456,2110.88,556.8,2667.679
2004 May,347.116,309.121,656.237,667.381,1323.618,244.806,344.2,589.006,743.115,1332.121,1850.634,296.804,2147.438,640.789,2788.227
2004 June,271.107,383.287,654.395,776.86,1431.255,208.202,368.913,577.115,747.726,1324.841,1827.093,295.93,2123.023,599.802,2722.825
2004 July,249.131,441.19,690.321,919.022,1609.343,200.068,394.07,594.138,820.87,1415.008,1873.058,301.892,2174.95,628.857,2803.807
2004 August,249.34,431.356,680.696,884.96,1565.656,201.559,390.512,592.071,801.164,1393.235,1901.691,305.17,2206.861,626.08,2832.941
2004 September,250.203,383.296,633.499,757.397,1390.896,200.795,373.939,574.734,738.907,1313.641,1827.328,293.497,2120.825,579.952,2700.777
2004 October,370.605,318.907,689.512,646.666,1336.178,254.912,349.136,604.048,707.964,1312.011,1891.163,291.2,2182.363,590.483,2772.846
2004 November,589.665,305.885,895.55,629.233,1524.783,349.574,326.708,676.282,672.068,1348.35,1851.378,287.258,2138.636,590.916,2729.552
2004 December,989.594,388.819,1378.414,816.429,2194.843,538.214,347.956,886.17,730.627,1616.797,1905.339,284.788,2190.127,597.988,2788.115
2005 January,1150.203,427.482,1577.685,872.142,2449.827,589.761,344.142,933.902,702.112,1636.015,1876.207,280.609,2156.815,572.493,2729.308
2005 February,977.157,363.948,1341.104,692.621,2033.726,518.485,318.192,836.677,605.544,1442.221,1736.588,269.326,2005.915,512.55,2518.464
2005 March,893.359,355.07,1248.43,704.487,1952.917,479.384,337.528,816.911,669.681,1486.592,1892.298,283.826,2176.124,563.133,2739.257
2005 April,541.574,295.988,837.562,571.172,1408.734,322.266,322.228,644.493,621.807,1266.3,1734.677,281.112,2015.79,542.466,2558.255
2005 May,392.294,298.155,690.448,623.195,1313.643,247.031,340.182,587.213,711.04,1298.253,1799.158,292.927,2092.085,612.27,2704.355
2005 June,283.392,397.933,681.325,820.888,1502.213,208.647,389.312,597.959,803.103,1401.062,1800.793,300.368,2101.162,619.624,2720.786
2005 July,250.131,492.953,743.085,1025.791,1768.876,197.477,416.39,613.868,866.471,1480.338,1757.474,301.572,2059.046,627.544,2686.59
2005 August,244.943,501.239,746.182,1029.437,1775.619,199.992,424.576,624.568,871.988,1496.556,1832.295,308.909,2141.203,634.431,2775.635
2005 September,243.35,431.671,675.022,825.839,1500.861,194.204,397.556,591.76,760.572,1352.332,1647.81,297.718,1945.527,569.57,2515.097
2005 October,354.166,350.364,704.531,675.788,1380.319,238.553,370.115,608.668,713.883,1322.551,1700.497,292.941,1993.437,565.029,2558.466
2005 November,560.225,312.835,873.059,639.606,1512.665,324.694,337.103,661.797,689.224,1351.021,1738.23,284.944,2023.173,582.582,2605.755
2005 December,1011.208,410.045,1421.253,864.667,2285.92,530.648,353.248,883.896,744.899,1628.795,1805.09,283.108,2088.198,596.995,2685.193
2006 January,920.598,410.869,1331.467,783.261,2114.728,499.832,347.797,847.629,663.023,1510.651,1824.583,279.322,2103.905,532.486,2636.391
2006 February,913.78,356.592,1270.372,686.619,1956.99,494.029,326.573,820.602,628.818,1449.42,1660.005,273.667,1933.672,526.947,2460.618
2006 March,823.307,358.107,1181.414,692.055,1873.469,449.6,345.006,794.606,666.736,1461.343,1816.482,284.097,2100.579,549.027,2649.606
2006 April,497.155,304.944,802.099,585.3,1387.399,296.266,329.433,625.698,632.301,1258,1694.567,278.748,1973.315,535.019,2508.334
2006 May,328.649,320.728,649.377,652.707,1302.084,226.381,363.18,589.561,739.1,1328.661,1773.177,294.043,2067.22,598.4,2665.62
2006 June,248.189,405.398,653.587,815.519,1469.106,193.685,395.06,588.745,794.723,1383.467,1782.546,295.581,2078.127,594.606,2672.733
2006 July,221.59,502.718,724.308,1037.656,1761.964,180.417,428.347,608.764,884.145,1492.909,1749.676,303.258,2052.935,625.952,2678.887
2006 August,215.282,512.02,727.302,1028.895,1756.197,185.884,435.558,621.441,875.246,1496.687,1863.377,308.052,2171.429,619.024,2790.453
2006 September,236.415,396.038,632.453,733.151,1365.604,193.046,389.755,582.801,721.519,1304.32,1805.875,294.674,2100.549,545.505,2646.054
2006 October,373.641,328.392,702.033,651.423,1353.456,255.696,371.908,627.605,737.744,1365.349,1850.556,291.172,2141.727,577.589,2719.317
2006 November,563.057,323.604,886.661,652.277,1538.937,331.122,344.966,676.088,695.335,1371.423,1808.689,275.188,2083.877,554.687,2638.564
2006 December,812.812,391.976,1204.788,803.227,2008.014,439.442,357.144,796.586,731.85,1528.436,1806.045,272.746,2078.791,558.903,2637.694
2007 January,1022.254,427.477,1449.73,871.461,2321.191,529.585,363.949,893.534,741.953,1635.487,1855.817,281.096,2136.913,573.046,2709.959
2007 February,1122.7,414.436,1537.136,793.644,2330.78,578.453,343.781,922.234,658.34,1580.574,1739.534,267.473,2007.007,512.21,2519.217
2007 March,810.113,360.631,1170.743,697.112,1867.855,448.279,350.208,798.487,676.965,1475.452,1801.006,281.771,2082.778,544.674,2627.452
2007 April,549.205,308.042,857.248,597.222,1454.47,325.182,344.787,669.969,668.461,1338.43,1742.406,284.429,2026.836,551.442,2578.277
2007 May,323.464,328.879,652.343,662.713,1315.056,221.985,370.403,592.388,746.387,1338.775,1790.291,297.667,2087.958,599.818,2687.776
2007 June,239.007,400.629,639.636,815.686,1455.322,188.405,400.405,588.81,815.23,1404.04,1722.985,298.796,2021.781,608.353,2630.134
2007 July,218.906,474.36,693.267,967.148,1660.415,176.487,422.826,599.313,862.077,1461.39,1746.992,303.727,2050.72,619.253,2669.973
2007 August,220.662,512.146,732.808,1067.734,1800.542,185.084,445.18,630.264,928.12,1558.384,1787.479,314.297,2101.776,655.254,2757.03
2007 September,227.61,441.895,669.505,828.9,1498.405,185.296,409.093,594.389,767.371,1361.76,1740.015,298.303,2038.318,559.552,2597.87
2007 October,305.878,354.008,659.886,687.303,1347.189,225.397,390.61,616.007,758.364,1374.371,1786.54,303.313,2089.853,588.878,2678.73
2007 November,584.247,327.227,911.474,651.691,1563.165,343.001,356.906,699.907,710.798,1410.705,1748.83,290.423,2039.253,578.393,2617.646
2007 December,964.831,400.596,1365.427,837.821,2203.248,512.829,361.36,874.189,755.762,1629.95,1810.823,285.668,2096.491,597.457,2693.948
2008 January,1145.068,455.053,1600.121,905.109,2505.231,597.015,372.117,969.132,740.148,1709.28,1891.842,283.506,2175.347,563.898,2739.246
2008 February,1059.539,404.505,1464.044,761.18,2225.224,571.665,356.202,927.867,670.286,1598.153,1744.781,278.024,2022.805,523.174,2545.98
2008 March,864.064,365.638,1229.702,710.576,1940.278,475.923,352.578,828.5,685.194,1513.694,1778.24,284.895,2063.135,553.66,2616.795
2008 April,543.344,314.47,857.814,603.294,1461.107,328.207,346.275,674.482,664.31,1338.792,1707.227,285.569,1992.796,547.849,2540.645
2008 May,357.768,314.742,672.51,630.146,1302.656,240.283,366.7,606.982,734.17,1341.152,1733.945,300.13,2034.075,600.891,2634.966
2008 June,257.851,414.134,671.986,839.862,1511.848,193.176,407.301,600.477,826.003,1426.48,1676.354,297.608,1973.961,603.546,2577.508
2008 July,229.893,488.527,718.42,985.638,1704.058,185.639,436.982,622.621,881.641,1504.262,1714.47,302.053,2016.524,609.414,2625.938
2008 August,219.174,472.425,691.599,945.658,1637.257,182.028,423.756,605.783,848.235,1454.018,1680.952,302.139,1983.091,604.795,2587.885
2008 September,229.745,399.471,629.216,749.276,1378.492,184.957,403.602,588.558,757.025,1345.583,1509.752,293.126,1802.878,549.809,2352.687
2008 October,358.031,327.929,685.96,639.486,1325.446,251.548,378.219,629.767,737.555,1367.321,1771.044,287.168,2058.212,559.999,2618.211
2008 November,607.086,326.755,933.841,662.002,1595.843,353.75,349.439,703.189,707.958,1411.147,1642.138,271.386,1913.524,549.824,2463.348
2008 December,1016.609,427.167,1443.776,867.662,2311.438,532.02,365.718,897.739,742.847,1640.586,1591.87,258.864,1850.734,525.805,2376.539
2009 January,1193.448,464.813,1658.261,912.466,2570.727,636.717,374.102,1010.82,734.394,1745.214,1648.566,255.842,1904.409,502.239,2406.648
2009 February,957.804,393.104,1350.908,711.236,2062.144,526.132,337.824,863.957,611.22,1475.176,1499.852,243.474,1743.326,440.512,2183.838
2009 March,790.687,363.383,1154.07,686.04,1840.11,453.988,349.587,803.575,659.995,1463.57,1566.115,253.072,1819.187,477.782,2296.969
2009 April,539.936,312.646,852.582,576.724,1429.306,324.1,340.532,664.631,628.164,1292.796,1465.051,250.492,1715.543,462.072,2177.616
2009 May,319.223,321.793,641.016,632.874,1273.89,225.367,358.983,584.35,706.015,1290.365,1480.009,256.415,1736.424,504.293,2240.717
2009 June,245.416,390.316,635.732,781.528,1417.26,188.76,391.807,580.567,784.512,1365.079,1500.254,258.222,1758.476,517.036,2275.513
2009 July,226.133,469.143,695.276,910.297,1605.573,186.595,413.954,600.549,803.212,1403.761,1526.432,267.47,1793.902,518.982,2312.884
2009 August,220.893,471.616,692.509,925.581,1618.09,189.042,422.326,611.369,828.847,1440.215,1575.428,280.464,1855.892,550.431,2406.323
2009 September,235.584,392.937,628.522,712.767,1341.289,195.528,392.04,587.568,711.138,1298.707,1558.279,272.494,1830.773,494.289,2325.062
2009 October,391.239,336.26,727.498,616.68,1344.179,266.302,370.249,636.551,679.014,1315.565,1601.15,271.086,1872.236,497.156,2369.392
2009 November,525.056,317.411,842.467,610.74,1453.207,321.739,337.451,659.19,649.298,1308.488,1584.579,258.079,1842.658,496.577,2339.235
2009 December,989.952,423.133,1413.085,847.87,2260.955,536.372,370.126,906.498,741.654,1648.152,1650.888,263.115,1914.003,527.228,2441.231
2010 January,1173.554,503.27,1676.824,959.243,2636.067,617.993,368.907,986.901,703.145,1690.046,1687.288,257.773,1945.06,491.321,2436.381
2010 February,1013.585,419.131,1432.716,774.968,2207.683,548.996,343.749,892.745,635.587,1528.332,1593.187,253.139,1846.326,468.051,2314.376
2010 March,751.47,381.427,1132.898,693.657,1826.555,418.756,347.176,765.931,631.367,1397.299,1759.032,267.225,2026.257,485.97,2512.227
2010 April,441.944,300.414,742.358,544.886,1287.244,276.141,340.485,616.625,617.565,1234.191,1650.428,268.253,1918.681,486.552,2405.233
2010 May,320.184,323.604,643.788,659.286,1303.075,222.658,362.259,584.917,738.039,1322.956,1654.434,280.173,1934.607,570.802,2505.409
2010 June,250.559,435.016,685.576,860.259,1545.835,192.907,407.342,600.249,805.532,1405.781,1663.698,284.423,1948.121,562.457,2510.578
2010 July,220.154,527.798,747.952,1034.289,1782.242,176.676,436.477,613.152,855.333,1468.485,1675.091,292.558,1967.649,573.306,2540.955
2010 August,211.297,525.63,736.927,1023.202,1760.13,180.773,440.716,621.489,857.905,1479.394,1761.682,300.007,2061.689,584,2645.689
2010 September,219.263,425.076,644.339,769.562,1413.901,183.673,406.494,590.168,735.921,1326.088,1720.546,284.526,2005.072,515.108,2520.179
2010 October,336.039,329.9,665.939,600.911,1266.85,252.245,370.068,622.313,674.078,1296.392,1675.596,280.059,1955.655,510.127,2465.782
2010 November,614.141,317.883,932.024,614.048,1546.072,363.931,346.383,710.314,669.101,1379.415,1679.55,271.643,1951.192,524.727,2475.919
2010 December,1084.147,443.607,1527.754,890.82,2418.574,580.275,368.586,948.86,740.167,1689.027,1795.852,274.029,2069.881,550.285,2620.166
2011 January,1191.378,494.95,1686.329,917.508,2603.837,636.452,369.351,1005.803,684.68,1690.483,1805.162,273.277,2078.439,506.584,2585.023
2011 February,963.992,409.815,1373.807,714.733,2088.54,530.33,340.502,870.832,593.849,1464.681,1596.94,260.545,1857.485,454.4,2311.884
2011 March,765.627,357.994,1123.621,646.979,1770.6,444.527,355.725,800.252,642.878,1443.13,1788.87,280.497,2069.367,506.924,2576.291
2011 April,467.454,319.71,787.164,569.551,1356.715,292.821,342.927,635.748,610.911,1246.659,1639.578,274.213,1913.792,488.5,2402.291
2011 May,310.016,333.315,643.331,624.037,1267.368,216.027,367.215,583.242,687.505,1270.747,1665.128,279.991,1945.119,524.202,2469.321
2011 June,235.983,429.853,665.836,813.007,1478.843,189.992,403.197,593.189,762.589,1355.778,1654.589,286.306,1940.895,541.508,2482.403
2011 July,215.379,527.935,743.314,1039.26,1782.574,183.871,436.959,620.831,860.171,1481.001,1668.24,297.687,1965.927,586.008,2551.936
2011 August,223.531,524.557,748.088,986.566,1734.654,200.27,441.405,641.675,830.178,1471.853,1764.747,303.625,2068.372,571.046,2639.418
2011 September,237.707,418.719,656.426,727.517,1383.943,205.454,402.45,607.904,699.249,1307.153,1686.526,289.825,1976.351,503.565,2479.917
2011 October,362.903,322.724,685.627,584.51,1270.137,279.063,370.712,649.775,671.424,1321.199,1735.819,287.569,2023.388,520.838,2544.226
2011 November,594.712,318.068,912.78,596.218,1508.998,368.434,343.085,711.519,643.111,1354.63,1753.916,275.937,2029.853,517.242,2547.095
2011 December,897.064,396.956,1294.019,755.242,2049.261,504.395,357.803,862.198,680.751,1542.948,1733.69,272.897,2006.587,519.21,2525.797
2012 January,988.957,429.508,1418.465,775.905,2194.369,549.051,359.077,908.128,648.671,1556.799,1816.218,270.246,2086.464,488.199,2574.664
2012 February,829.358,368.412,1197.77,650.009,1847.779,473.739,341.473,815.213,602.48,1417.692,1710.243,267.154,1977.397,471.354,2448.751
2012 March,542.89,339.022,881.912,584.309,1466.221,336.313,349.643,685.956,602.614,1288.57,1720.636,277.39,1998.026,478.085,2476.11
2012 April,394.769,300.608,695.377,513.638,1209.015,268.012,344.737,612.75,589.039,1201.789,1645.641,276.473,1922.114,472.399,2394.513
2012 May,266.723,344.254,610.977,639.272,1250.248,205.529,378.051,583.58,702.032,1285.612,1714.795,288.92,2003.715,536.518,2540.232
2012 June,219.227,419.451,638.678,775.957,1414.636,185.28,402.648,587.928,744.873,1332.8,1683.254,285.308,1968.562,527.801,2496.363
2012 July,201.848,527.424,729.271,1011.502,1740.773,177.769,438.562,616.331,841.082,1457.413,1706.688,297.592,2004.28,570.726,2575.006
2012 August,208.415,504.775,713.189,926.214,1639.403,193.917,437.099,631.017,802.035,1433.052,1758.668,300.613,2059.281,551.596,2610.877
2012 September,214.406,405.453,619.858,710.949,1330.807,194.57,397.788,592.358,697.509,1289.867,1665.12,279.988,1945.108,490.951,2436.06
2012 October,350.604,329.836,680.44,585.74,1266.18,269.633,376.927,646.56,669.367,1315.927,1790.582,283.181,2073.764,502.888,2576.652
2012 November,622.508,331.494,954.001,611.699,1565.7,377.897,346.798,724.695,639.94,1364.635,1757.337,269.027,2026.364,496.431,2522.795
2012 December,832.751,389.608,1222.359,737.445,1959.804,470.755,355.265,826.02,672.442,1498.462,1795.133,267.363,2062.496,506.061,2568.557
2013 January,1099.552,449.65,1549.202,802.148,2351.351,590.108,367.57,957.679,655.724,1613.402,1851.86,274.685,2126.544,490.021,2616.565
2013 February,954.786,385.945,1340.73,660.769,2001.499,530.516,344.665,875.182,590.095,1465.277,1664.272,261.673,1925.945,448.006,2373.951
2013 March,859.805,382.474,1242.279,683.004,1925.283,488.542,354.887,843.429,633.74,1477.169,1745.507,274.579,2020.086,490.33,2510.415
2013 April,516.54,325.985,842.525,550.817,1393.342,321.45,345.96,667.41,584.568,1251.978,1684.101,273.699,1957.8,462.469,2420.268
2013 May,310.65,324.794,635.444,581.585,1217.029,224.642,370.825,595.467,664.01,1259.477,1754.075,289.668,2043.744,518.689,2562.432
2013 June,225.019,402.555,627.574,742.517,1370.091,182.041,400.604,582.646,738.919,1321.565,1703.029,287.188,1990.217,529.721,2519.937
2013 July,209.681,490.832,700.514,906.321,1606.834,181.301,434.384,615.684,802.088,1417.773,1787.53,296.458,2083.988,547.409,2631.397
2013 August,212.526,471.078,683.604,869.329,1552.933,188.25,433.54,621.79,800.056,1421.846,1766.981,299.595,2066.576,552.874,2619.451
2013 September,226.339,414.282,640.621,721.813,1362.435,194.864,404.007,598.871,703.911,1302.782,1786.256,283.281,2069.537,493.567,2563.104
2013 October,340.372,337.423,677.795,591.377,1269.173,259.282,381.825,641.107,669.198,1310.306,1849.305,283.127,2132.432,496.217,2628.648
2013 November,672.726,334.049,1006.775,622.089,1628.863,414.925,352.748,767.673,656.912,1424.585,1858.006,271.703,2129.709,505.984,2635.694
2013 December,1042.255,440.032,1482.288,829.213,2311.501,558.853,371.097,929.95,699.31,1629.26,1905.127,266.365,2171.492,501.948,2673.44
2014 January,1270.437,499.897,1770.334,927.837,2698.171,676.8,388.511,1065.31,721.097,1786.408,1913.629,273.468,2187.097,507.572,2694.669
2014 February,1066.781,438.358,1505.139,760.003,2265.142,591.252,356.051,947.303,617.304,1564.607,1691.794,257.31,1949.104,446.111,2395.215
2014 March,901.658,389.762,1291.42,690.141,1981.561,515.356,364.974,880.33,646.249,1526.58,1758.022,274.799,2032.821,486.579,2519.4
2014 April,490.118,314.893,805.011,521.355,1326.366,311.113,349.59,660.703,578.803,1239.506,1746.171,274.684,2020.855,454.784,2475.639
2014 May,331.831,326.62,658.451,587.973,1246.424,239.01,374.179,613.188,673.588,1286.777,1732.032,291.327,2023.359,524.44,2547.799
2014 June,237.239,402.783,640.023,736.247,1376.269,197.082,404.058,601.139,738.576,1339.715,1701.268,292.446,1993.714,534.562,2528.276
2014 July,221.2,467.539,688.74,860.168,1548.908,190.322,427.981,618.304,787.39,1405.694,1791.281,301.679,2092.961,555.022,2647.983
2014 August,213.501,463.451,676.953,858.444,1535.397,190.124,428.557,618.681,793.811,1412.492,1798.436,306.426,2104.863,567.589,2672.452
2014 September,244.469,411.969,656.438,700.324,1356.762,209.518,409.607,619.124,696.307,1315.431,1784.793,291.689,2076.482,495.854,2572.336
2014 October,353.601,334.505,688.106,570.973,1259.079,270.322,385.635,655.957,658.249,1314.205,1846.165,290,2136.165,495.008,2631.172
2014 November,725.951,339.445,1065.396,621.06,1686.457,445.668,355.686,801.354,650.774,1452.127,1810.875,276.523,2087.397,505.935,2593.332
2014 December,920.835,412.172,1333.006,736.125,2069.131,519.735,368.736,888.47,658.549,1547.02,1873.878,273.378,2147.256,488.244,2635.5
2015 January,1175.958,470.054,1646.011,830.083,2476.094,671.34,380.846,1052.186,672.549,1724.735,1905.967,271.626,2177.593,479.673,2657.266
2015 February,1122.442,422.534,1544.976,735.272,2280.248,644.239,359.906,1004.146,626.29,1630.436,1725.245,261.867,1987.112,455.687,2442.799
2015 March,817.682,399.774,1217.456,655.109,1872.565,499.731,367.8,867.531,602.714,1470.245,1813.72,271.967,2085.688,445.673,2531.36
2015 April,449.093,307.76,756.853,499.233,1256.086,319.629,355.421,675.05,576.546,1251.596,1739.339,274.627,2013.966,445.487,2459.453
2015 May,294.916,324.688,619.604,586.844,1206.447,244.552,373.292,617.844,674.692,1292.535,1784.708,282.909,2067.617,511.332,2578.948
2015 June,215.413,410.463,625.875,754.585,1380.461,207.573,406.95,614.523,748.127,1362.65,1778.986,294.175,2073.161,540.804,2613.965
2015 July,203.029,498.283,701.312,915.47,1616.782,209.534,438.457,647.99,805.555,1453.545,1843.48,299.394,2142.874,550.062,2692.936
2015 August,202.94,493.086,696.025,880.876,1576.902,213.976,438.507,652.482,783.373,1435.855,1828.736,301.529,2130.265,538.668,2668.933
2015 September,206.068,427.922,633.989,722.477,1356.467,213.835,416.931,630.766,703.921,1334.687,1730.714,289.1,2019.814,488.1,2507.914
2015 October,355.837,338.979,694.816,558.041,1252.857,302.304,384.947,687.251,633.715,1320.966,1742.797,284.045,2026.842,467.606,2494.449
2015 November,584.921,316.216,901.137,538.445,1439.582,398.546,355.326,753.873,605.04,1358.913,1707.149,267.824,1974.973,456.043,2431.016
2015 December,796.15,381.02,1177.169,640.816,1817.985,479.167,364.502,843.669,613.036,1456.705,1809.966,266.902,2076.868,448.887,2525.755
2016 January,1088.19,446.876,1535.066,775.488,2310.554,632.359,376.721,1009.079,653.743,1662.823,1879.302,269.029,2148.331,466.86,2615.191
2016 February,870.855,395.654,1266.508,624.881,1891.39,532.923,352.977,885.901,557.48,1443.38,1805.516,261.866,2067.382,413.582,2480.963
2016 March,605.008,341.973,946.981,529.559,1476.54,402.883,360.782,763.666,558.686,1322.351,1830.113,270.358,2100.471,418.66,2519.131
2016 April,456.981,301.09,758.071,482.171,1240.242,325.324,348.178,673.502,557.579,1231.081,1709.485,268.343,1977.828,429.729,2407.557
2016 May,306.64,321.404,628.043,549.747,1177.79,258.429,369.987,628.416,632.846,1261.261,1730.566,278.049,2008.615,475.59,2484.205
2016 June,212.836,427.221,640.057,767.429,1407.486,214.474,410.679,625.153,737.716,1362.869,1720.275,285.489,2005.764,512.832,2518.597
2016 July,198.441,526.845,725.286,956.842,1682.128,212.83,443.691,656.521,805.82,1462.341,1764.485,297.105,2061.59,539.594,2601.184
2016 August,185.86,533.778,719.638,932.999,1652.638,215.432,460.684,676.116,805.237,1481.353,1854.964,304.011,2158.975,531.385,2690.36
2016 September,205.532,441.386,646.918,722.058,1368.977,221.883,421.358,643.24,689.294,1332.534,1753.962,284.081,2038.043,464.724,2502.767
2016 October,309.547,346.345,655.892,565.066,1220.959,284.295,385.429,669.724,628.832,1298.557,1813.349,278.41,2091.759,454.229,2545.988
2016 November,522.259,318.149,840.408,526.337,1366.744,381.586,358.464,740.05,593.033,1333.083,1790.463,267.574,2058.037,442.667,2500.704
2016 December,1006.851,413.81,1420.661,732.894,2153.555,598.41,375.907,974.317,665.764,1640.081,1896.385,268.239,2164.624,475.074,2639.698
2017 January,1036.88,440.873,1477.754,743.208,2220.962,608.212,373.574,981.786,629.758,1611.544,1886.521,268.897,2155.418,453.296,2608.714
2017 February,738.669,344.504,1083.173,537.087,1620.26,464.485,339.971,804.457,530.021,1334.478,1671.814,254.309,1926.124,396.472,2322.596
2017 March,743.24,351.762,1095.002,564.622,1659.625,481.362,365.674,847.036,586.953,1433.988,1876.213,274.769,2150.982,441.039,2592.021
2017 April,401.281,309.552,710.833,474.2,1185.032,301.768,350.034,651.801,536.213,1188.015,1767.174,269.202,2036.376,412.388,2448.763
2017 May,305.586,335.335,640.921,545.771,1186.693,260.955,374.884,635.839,610.138,1245.977,1813.55,283.655,2097.205,461.659,2558.864
2017 June,221.441,418.117,639.558,690.459,1330.017,219.509,409.485,628.994,676.204,1305.198,1794.557,291.38,2085.937,481.171,2567.108
2017 July,194.31,511.46,705.77,889.758,1595.528,208.002,441.092,649.094,767.342,1416.436,1846.253,299.595,2145.848,521.187,2667.035
2017 August,196.428,484.528,680.957,811.581,1492.538,216.365,438.377,654.743,734.278,1389.021,1838.188,304.127,2142.315,509.41,2651.725
2017 September,207.788,405.273,613.061,649.496,1262.557,220.973,405.307,626.281,649.55,1275.831,1768.149,285.039,2053.188,456.807,2509.995
2017 October,318.242,350.791,669.033,564.827,1233.86,288.047,386.536,674.583,622.381,1296.964,1845.448,282.565,2128.013,454.973,2582.986
2017 November,622.987,335.47,958.457,560.367,1518.824,428.644,358.168,786.812,598.283,1385.095,1900.185,271.102,2171.288,452.848,2624.136
2017 December,1030.834,416.28,1447.114,734.281,2181.395,620.501,372.95,993.451,657.852,1651.304,1942.232,273.785,2216.017,482.933,2698.95
2018 January,1243.21,508.106,1751.316,845.965,2597.281,700.097,392.125,1092.222,652.863,1745.085,1999.255,272.584,2271.839,453.835,2725.674
2018 February,880.9,388.119,1269.019,586.81,1855.829,535.645,350.363,886.008,529.724,1415.732,1768.767,258.156,2026.923,390.314,2417.237
2018 March,848.187,365.829,1214.017,572.371,1786.388,530.685,368.866,899.551,577.122,1476.673,1966.666,276.553,2243.218,432.69,2675.908
2018 April,601.928,325.688,927.616,492.81,1420.426,401.461,352.567,754.028,533.481,1287.51,1811.504,269.833,2081.337,408.293,2489.63
2018 May,283.235,354.329,637.564,589.942,1227.506,244.968,386.155,631.123,642.929,1274.052,1880.862,292.196,2173.057,486.492,2659.549
2018 June,218.952,443.263,662.215,731.361,1393.576,217.325,416.302,633.627,686.877,1320.504,1847.459,291.85,2139.308,481.537,2620.845
2018 July,204.686,523.967,728.654,899.23,1627.884,212.325,448.752,661.077,770.145,1431.222,1908.443,304.696,2213.139,522.918,2736.058
2018 August,195.205,523.73,718.935,859.755,1578.69,216.63,460.102,676.732,755.302,1432.034,1987.522,314.265,2301.786,515.897,2817.683
2018 September,212.647,439.84,652.488,699.284,1351.772,220.246,416.378,636.625,661.983,1298.608,1856.363,292.337,2148.699,464.774,2613.474
2018 October,402.543,365.25,767.793,561.916,1329.709,335.937,396.247,732.184,609.602,1341.786,1980.185,291.046,2271.231,447.757,2718.988
2018 November,793.906,354.131,1148.038,598.89,1746.928,503.15,358.202,861.353,605.775,1467.128,1924.132,276.776,2200.908,468.07,2668.978
2018 December,1000.388,420.292,1420.68,698.32,2118.999,596.641,368.489,965.131,612.25,1577.381,1932.153,274.005,2206.157,455.262,2661.419
2019 January,1209.121,454.879,1664.001,747.171,2411.172,695.885,382.186,1078.071,627.767,1705.839,2056.997,281.864,2338.861,462.982,2801.843
2019 February,1028.365,397.867,1426.232,614.524,2040.756,595.568,348.266,943.834,537.913,1481.747,1775.694,260.838,2036.532,402.877,2439.409
2019 March,896.729,384.21,1280.939,591.516,1872.455,545.228,366.681,911.91,564.531,1476.44,1923.639,276.689,2200.328,425.981,2626.309
2019 April,474.959,308.39,783.348,451.347,1234.695,339.604,349.546,689.15,511.581,1200.731,1840.647,274.529,2115.176,401.79,2516.965
2019 May,339.662,342.33,681.992,540.342,1222.334,270.187,379.418,649.604,598.882,1248.487,1899.841,288.864,2188.705,455.951,2644.656
2019 June,236.839,409.836,646.676,653.709,1300.385,222.4,394.922,617.322,629.92,1247.242,1829.585,289.993,2119.577,462.553,2582.13
2019 July,218.346,524.591,742.938,852.862,1595.8,219.874,446.806,666.681,726.402,1393.083,1905.851,309.646,2215.498,503.413,2718.911
2019 August,218.832,512.083,730.916,821.297,1552.212,227.378,446.208,673.587,715.644,1389.231,1944.892,310.703,2255.595,498.316,2753.911
2019 September,212.733,448.906,661.639,685.932,1347.57,216.566,416.466,633.032,636.363,1269.395,1868.661,293.979,2162.641,449.203,2611.843
2019 October,367.257,368.486,735.743,527.978,1263.721,304.835,393.42,698.255,563.704,1261.959,1955.837,287.96,2243.797,412.597,2656.394
2019 November,790.148,349.569,1139.717,562.51,1702.227,506.931,350.89,857.821,564.635,1422.456,1950.29,271.679,2221.97,437.173,2659.143
2019 December,982.302,413.118,1395.42,649.206,2044.627,588.009,368.501,956.51,579.091,1535.601,1993.988,273.283,2267.271,429.459,2696.73
2020 January,1027.672,424.597,1452.269,646.002,2098.271,622.784,374.679,997.463,570.055,1567.519,2011.829,275.036,2286.865,418.454,2705.319
2020 February,918.478,382.563,1301.041,563.52,1864.561,567.746,351.486,919.233,517.744,1436.976,1886.631,269.216,2155.847,396.559,2552.405
2020 March,686.724,355.718,1042.441,510.263,1552.704,448.055,355.223,803.278,509.553,1312.83,1939.172,276.135,2215.307,396.105,2611.412
2020 April,517.643,333.554,851.197,462.1,1313.298,327.909,311.876,639.785,432.068,1071.854,1614.395,248.363,1862.759,344.078,2206.837
2020 May,361.964,360.583,722.548,539.205,1261.753,255.372,321.749,577.12,481.133,1058.253,1682.453,253.42,1935.872,378.955,2314.828
2020 June,230.468,448.808,679.276,687.964,1367.24,212.611,373.93,586.541,573.187,1159.728,1683.786,267.653,1951.439,410.278,2361.717
2020 July,203.563,570.173,773.736,898.869,1672.605,206.013,433.691,639.704,683.707,1323.411,1797.458,289.196,2086.654,455.912,2542.566
2020 August,192.364,542.3,734.664,862.056,1596.72,207.081,419.87,626.951,667.437,1294.388,1843.353,294.681,2138.034,468.433,2606.468
2020 September,221.621,436.135,657.756,632.779,1290.535,225.911,386.306,612.217,560.483,1172.7,1782.78,276.293,2059.074,400.868,2459.942
2020 October,360.287,360.014,720.301,524.242,1244.543,300.722,370.093,670.816,538.92,1209.736,1883.72,281.051,2164.771,409.259,2574.03
2020 November,582.283,340.043,922.326,507.506,1429.832,393.45,334.023,727.473,498.522,1225.995,1902.701,270.117,2172.818,403.143,2575.961
2020 December,993.246,442.744,1435.989,684.255,2120.244,575.183,359.817,935,556.092,1491.092,2004.13,271.226,2275.356,419.176,2694.533
2021 January,1111.53,466.36,1577.89,713.457,2291.347,634.174,356.546,990.72,545.459,1536.179,2019.843,272.105,2291.948,416.278,2708.227
2021 February,1093.229,431.787,1525.016,678.396,2203.412,632.463,335.59,968.053,527.257,1495.309,1607.058,253.325,1860.382,398.008,2258.39
2021 March,751.005,390.244,1141.249,535.329,1676.579,480.622,351.017,831.639,481.519,1313.158,1891.332,264.606,2155.938,362.981,2518.919
2021 April,477.982,320.356,798.338,449.523,1247.86,348.431,336.837,685.268,472.65,1157.918,1886.957,271.803,2158.76,381.393,2540.153
2021 May,333.948,345.159,679.107,519.028,1198.135,276.584,357.275,633.859,537.247,1171.106,1918.732,285.593,2204.325,429.457,2633.781
2021 June,225.34,450.908,676.247,720.985,1397.232,228.907,406.208,635.115,649.511,1284.627,1876.969,295.826,2172.795,473.015,2645.81
2021 July,200.97,527.135,728.106,847.724,1575.83,224.292,436.244,660.535,701.555,1362.09,1900.199,310.67,2210.87,499.611,2710.481
2021 August,190.777,538.386,729.163,856.341,1585.504,220.548,447.351,667.899,711.545,1379.444,1949.762,312.459,2262.22,496.988,2759.208
2021 September,213.713,447.352,661.065,641.123,1302.188,235.021,405.989,641.011,581.844,1222.855,1866.42,292.808,2159.228,419.638,2578.867
2021 October,312.504,354.821,667.325,510.533,1177.858,294.48,382.985,677.465,551.056,1228.52,1946.03,291.235,2237.264,419.041,2656.305
2021 November,639.93,343.216,983.146,513.908,1497.055,450.171,353.163,803.334,528.801,1332.135,1929.203,281.644,2210.848,421.715,2632.562
2021 December,858.528,401.577,1260.105,595.144,1855.249,531.473,363.431,894.904,538.611,1433.515,2009.23,282.02,2291.249,417.958,2709.207
2022 January,1198.223,481.285,1679.508,762.994,2442.501,697.206,383.129,1080.334,607.383,1687.718,2005.059,284.277,2289.336,450.671,2740.007
2022 February,1012.403,431.002,1443.405,620.913,2064.319,604.572,346.846,951.419,499.676,1451.094,1787.344,259.15,2046.494,373.338,2419.832
2022 March,773.989,383.477,1157.465,519.534,1676.999,511.693,367.985,879.678,498.546,1378.223,1947.912,283.044,2230.956,383.467,2614.423
2022 April,533.754,335.079,868.833,444.033,1312.866,377.547,354.234,731.78,469.416,1201.196,1825.802,277.096,2102.898,367.196,2470.094
2022 May,321.554,378.881,700.435,561.231,1261.666,275.9,379.963,655.863,562.834,1218.697,1829.756,290.334,2120.09,430.067,2550.157
2022 June,227.357,469.084,696.441,714.909,1411.35,231.65,409.479,641.129,624.069,1265.198,1837.945,301.043,2138.988,458.806,2597.795
2022 July,206.6,565.418,772.019,888.579,1660.598,224.206,451.434,675.64,709.448,1385.087,1891.326,304.246,2195.572,478.135,2673.707
2022 August,195.64,551.533,747.173,834.776,1581.949,219.77,457.767,677.538,692.855,1370.393,1891.444,312.498,2203.941,472.982,2676.923
2022 September,217.364,444.852,662.217,627.334,1289.55,233.588,418.083,651.671,589.583,1241.253,1826.997,290.502,2117.5,409.668,2527.168
2022 October,374.502,343.671,718.174,491.363,1209.537,321.898,376.335,698.233,538.064,1236.297,1882.348,286.785,2169.133,410.03,2579.164
2022 November,678.672,354.66,1033.331,535.953,1569.285,466.586,358.126,824.712,541.191,1365.903,1890.212,274.416,2164.629,414.691,2579.32
2022 December,1049.41,453.734,1503.144,713.265,2216.409,628.482,381.402,1009.883,599.56,1609.443,1821.374,274.313,2095.687,431.217,2526.904
2023 January,1020.374,452.752,1473.126,652.74,2125.866,613.881,375.584,989.465,541.486,1530.951,1888.796,272.001,2160.797,392.149,2552.946
2023 February,894.604,385.834,1280.438,522.552,1802.99,559.771,344.116,903.887,466.052,1369.94,1707.766,259.054,1966.821,350.849,2317.67
2023 March,827.708,378.931,1206.639,524.914,1731.553,536.126,374.943,911.069,519.39,1430.459,1899.503,280.084,2179.587,387.987,2567.574
2023 April,483.345,331.032,814.377,441.153,1255.53,354.224,347.406,701.63,462.974,1164.604,1853.882,269.56,2123.442,359.232,2482.674
2023 May,326.483,344.692,671.175,494.976,1166.151,276.421,378.248,654.67,543.163,1197.832,1883.011,286.691,2169.702,411.687,2581.389
2023 June,239.285,417.142,656.427,630.218,1286.645,236.72,401.639,638.358,606.796,1245.154,1836.397,290.141,2126.538,438.346,2564.884
